seed,segment_index,z_lo,z_hi,measured_mean_counts_per_pixel,theoretical_mean_counts_per_pixel,shell_delta_mean,measured_mean_power_rescaling
1386,0,0.44933801,0.49256256,6.7394206298855925,6.7927459275819935,-0.007850330082253332,1.0158874975727052
1386,1,0.40720486,0.44933801,5.725356787195008,5.695253821497441,0.005285623194516864,0.9895119802516347
1386,2,0.36610056,0.40720486,4.798259986988635,4.811866616402343,-0.0028277237293583557,1.0056795262861142
1386,3,0.32596586,0.36610056,3.9237322537141366,3.9476309554025053,-0.0060539351216866155,1.0122187149100923
1386,4,0.28674463,0.32596586,3.1621953577020796,3.1405550530151882,0.006890598738625853,0.9863599460829503
1386,5,0.2483836,0.28674463,2.4612227441276637,2.4753202383842647,-0.005695220375123267,1.0114884915622029
1386,6,0.21083225,0.2483836,1.8442960562690998,1.854139957568324,-0.005309146841392831,1.0107034573978904
1386,7,0.17404257,0.21083225,1.3193907635421034,1.3216022817859978,-0.001673361399547435,1.0033551419960718
1386,8,0.13796899,0.17404257,0.8911877387472101,0.8953738556032581,-0.0046752726024456015,1.0094165309006737
1386,9,0.10256817,0.13796899,0.5377065199101003,0.541229351707423,-0.00650894447281769,1.0131461001063524
1386,10,0.06779888,0.10256817,0.2751244739815873,0.27588791080930203,-0.0027671992784142896,1.0055574557846396
1386,11,0.03362193,0.06779888,0.1012516333567014,0.10319484357353705,-0.01883049723749919,1.038752108785383
1386,12,0.0,0.03362193,0.013684071045847254,0.014923665588412084,-0.08306233714640121,1.1893793030289344
2281,0,0.44933801,0.49256256,6.747191710519048,6.7927459275819935,-0.006706303687581183,1.0135487475490423
2281,1,0.40720486,0.44933801,5.72786463356945,5.695253821497441,0.00572596289719618,0.9886456885564534
2281,2,0.36610056,0.40720486,4.788938761108853,4.811866616402343,-0.0047648567845448575,1.0095982604643354
2281,3,0.32596586,0.36610056,3.931725512927386,3.9476309554025053,-0.004029110789434909,1.0081071857342492
2281,4,0.28674463,0.32596586,3.152577946185113,3.1405550530151882,0.0038282701519216644,0.9923872032990682
2281,5,0.2483836,0.28674463,2.465554781725583,2.4753202383842647,-0.003945128596797631,1.00793719613804
2281,6,0.21083225,0.2483836,1.8473688152002434,1.854139957568324,-0.00365190466903087,1.007344014267568
2281,7,0.17404257,0.21083225,1.327733808154517,1.3216022817859978,0.004639464120955505,0.9907852484928533
2281,8,0.13796899,0.17404257,0.8886264598414962,0.8953738556032581,-0.007535841838061996,1.0152437784938046
2281,9,0.10256817,0.13796899,0.5302869074906242,0.541229351707423,-0.020217758298360033,1.0416957026822924
2281,10,0.06779888,0.10256817,0.27795754053122446,0.27588791080930203,0.007501705007121551,0.9851637437620527
2281,11,0.03362193,0.06779888,0.10270592203068114,0.10319484357353705,-0.004737848577748949,1.009543466722636
2281,12,0.0,0.03362193,0.014138367775316176,0.014923665588412084,-0.05262097361024187,1.1141725854643687
3253,0,0.44933801,0.49256256,6.766149025735365,6.7927459275819935,-0.003915486039104077,1.007877206465475
3253,1,0.40720486,0.44933801,5.743868716429546,5.695253821497441,0.008536036576386019,0.9831440570086899
3253,2,0.36610056,0.40720486,4.780189902283969,4.811866616402343,-0.006583040770580806,1.0132972414253367
3253,3,0.32596586,0.36610056,3.92749396787994,3.9476309554025053,-0.0051010309094388084,1.0102806576999102
3253,4,0.28674463,0.32596586,3.14891957084969,3.1405550530151882,0.0026633883798570235,0.9946944288316203
3253,5,0.2483836,0.28674463,2.467546537972967,2.4753202383842647,-0.0031404827103792554,1.006310677697615
3253,6,0.21083225,0.2483836,1.8552397395410296,1.854139957568324,0.0005931493834736568,0.9988147558775023
3253,7,0.17404257,0.21083225,1.3223002360236882,1.3216022817859978,0.0005281121615099416,0.9989446117955674
3253,8,0.13796899,0.17404257,0.8908740171678491,0.8953738556032581,-0.005025653147284759,1.0101275888077141
3253,9,0.10256817,0.13796899,0.5349506048213756,0.541229351707423,-0.011600898706324414,1.0236118768383156
3253,10,0.06779888,0.10256817,0.27427312931982456,0.27588791080930203,-0.005853034606484231,1.011809651218207
3253,11,0.03362193,0.06779888,0.10128267375452904,0.10319484357353705,-0.018529703159493538,1.0381155075453115
3253,12,0.0,0.03362193,0.013374103717432381,0.014923665588412084,-0.10383252437543933,1.2451499163770505
4253,0,0.44933801,0.49256256,6.7298892370847065,6.7927459275819935,-0.009253502363757882,1.0187670931271193
4253,1,0.40720486,0.44933801,5.732750602607932,5.695253821497441,0.006583864790881577,0.9869611799958561
4253,2,0.36610056,0.40720486,4.786764350842982,4.811866616402343,-0.005216741767902322,1.010515698328141
4253,3,0.32596586,0.36610056,3.9368814008975117,3.9476309554025053,-0.0027230393687845966,1.0054684046083202
4253,4,0.28674463,0.32596586,3.1532084745848366,3.1405550530151882,0.0040290398850038045,0.9919903594121795
4253,5,0.2483836,0.28674463,2.4603802511328303,2.4753202383842647,-0.0060355775465991135,1.01218132582644
4253,6,0.21083225,0.2483836,1.8515579698386624,1.854139957568324,-0.001392552767725097,1.002790933965688
4253,7,0.17404257,0.21083225,1.3287340644084908,1.3216022817859978,0.005396315306640753,0.9892941056885044
4253,8,0.13796899,0.17404257,0.883076800959421,0.8953738556032581,-0.01373398895543132,1.0280443882951467
4253,9,0.10256817,0.13796899,0.537646802589387,0.541229351707423,-0.006619280914337167,1.0133711762356898
4253,10,0.06779888,0.10256817,0.2803934697906466,0.27588791080930203,0.01633112146207405,0.9681208000785583
4253,11,0.03362193,0.06779888,0.09974429843497516,0.10319484357353705,-0.03343718560998654,1.0703845556112228
4253,12,0.0,0.03362193,0.013166753408210394,0.014923665588412084,-0.11772658465128671,1.284676007833946
5237,0,0.44933801,0.49256256,6.751465786310834,6.7927459275819935,-0.006077091902339737,1.0122658815456873
5237,1,0.40720486,0.44933801,5.736400793978585,5.695253821497441,0.007224782910610461,0.9857055316867845
5237,2,0.36610056,0.40720486,4.788330970128429,4.811866616402343,-0.004891167638289673,1.0098545767735478
5237,3,0.32596586,0.36610056,3.9261369819681478,3.9476309554025053,-0.005444777811599133,1.010979142517594
5237,4,0.28674463,0.32596586,3.1418562470668916,3.1405550530151882,0.00041431977142192267,0.9991718751554324
5237,5,0.2483836,0.28674463,2.4561048168147153,2.4753202383842647,-0.0077628022716333955,1.0157082773482653
5237,6,0.21083225,0.2483836,1.850309528847637,1.854139957568324,-0.002065878956468037,1.0041445968393181
5237,7,0.17404257,0.21083225,1.3256788588393043,1.3216022817859978,0.0030845717425649344,0.9938592833206888
5237,8,0.13796899,0.17404257,0.8870739854356803,0.8953738556032581,-0.009269725842045884,1.0188004585779828
5237,9,0.10256817,0.13796899,0.542964381954998,0.541229351707423,0.0032057209057516634,0.9936192568778545
5237,10,0.06779888,0.10256817,0.2770258194431734,0.27588791080930203,0.004124532425264116,0.9918016912301759
5237,11,0.03362193,0.06779888,0.10278927028247652,0.10319484357353705,-0.003930170123001453,1.0079069229815334
5237,12,0.0,0.03362193,0.01371958007858861,0.014923665588412084,-0.08068295973868655,1.1832305646994465
6211,0,0.44933801,0.49256256,6.755995521543832,6.7927459275819935,-0.005410242990089853,1.0109089359267118
6211,1,0.40720486,0.44933801,5.73762067316689,5.695253821497441,0.007438975153228444,0.9852864332812099
6211,2,0.36610056,0.40720486,4.785352375877014,4.811866616402343,-0.0055101777831807475,1.0111121155852925
6211,3,0.32596586,0.36610056,3.9234717330722346,3.9476309554025053,-0.0061199292951150674,1.012353143111611
6211,4,0.28674463,0.32596586,3.1531182462057337,3.1405550530151882,0.00400030981099464,0.9920471330285529
6211,5,0.2483836,0.28674463,2.462613446075859,2.4753202383842647,-0.005133393292457322,1.0103463863536928
6211,6,0.21083225,0.2483836,1.8523897759850483,1.854139957568324,-0.0009439317545213433,1.0018905398986881
6211,7,0.17404257,0.21083225,1.3249227426313575,1.3216022817859978,0.0025124509023035646,0.9949939721841599
6211,8,0.13796899,0.17404257,0.882769967659003,0.8953738556032581,-0.014076676312782532,1.0287591681001462
6211,9,0.10256817,0.13796899,0.5366091243359944,0.541229351707423,-0.008536542515392376,1.0172942178506774
6211,10,0.06779888,0.10256817,0.27691089452464435,0.27588791080930203,0.0037079686179124494,0.9926251068750753
6211,11,0.03362193,0.06779888,0.10305268113173016,0.10319484357353705,-0.001377611873655038,1.0027609276665788
6211,12,0.0,0.03362193,0.014714416709398737,0.014923665588412084,-0.014021279006400711,1.0286435694881135
7213,0,0.44933801,0.49256256,6.743852563656887,6.7927459275819935,-0.007197879097255,1.014552691796032
7213,1,0.40720486,0.44933801,5.729488537513589,5.695253821497441,0.0060110957455354885,0.9880853460041888
7213,2,0.36610056,0.40720486,4.796705404473826,4.811866616402343,-0.003150796382600518,1.006331500931732
7213,3,0.32596586,0.36610056,3.9286707361817634,3.9476309554025053,-0.004802936098875721,1.0096755226396599
7213,4,0.28674463,0.32596586,3.1630236645008343,3.1405550530151882,0.007154344090887443,0.9858434139540556
7213,5,0.2483836,0.28674463,2.459976544075356,2.4753202383842647,-0.006198670406752704,1.0125135714938982
7213,6,0.21083225,0.2483836,1.850233238022961,1.854139957568324,-0.0021070251624837333,1.004227406505888
7213,7,0.17404257,0.21083225,1.3176249804683773,1.3216022817859978,-0.003009454033512715,1.0060461879436373
7213,8,0.13796899,0.17404257,0.886389871894305,0.8953738556032581,-0.010033779356780737,1.0203736808668573
7213,9,0.10256817,0.13796899,0.537417977388935,0.541229351707423,-0.007042068776322297,1.0142343190369694
7213,10,0.06779888,0.10256817,0.2752606728992409,0.27588791080930203,-0.002273524447740982,1.004562602776283
7213,11,0.03362193,0.06779888,0.10308779788583629,0.10319484357353705,-0.0010373162455978857,1.0020778650366853
7213,12,0.0,0.03362193,0.014349907050313242,0.014923665588412084,-0.03844622051464042,1.0815655396094288
8231,0,0.44933801,0.49256256,6.743812796851202,6.7927459275819935,-0.0072037334021427535,1.0145646570269542
8231,1,0.40720486,0.44933801,5.720845831866117,5.695253821497441,0.0044935680078166396,0.9910730795331103
8231,2,0.36610056,0.40720486,4.783538671835014,4.811866616402343,-0.00588710095802869,1.011878997977303
8231,3,0.32596586,0.36610056,3.9424935688594487,3.9476309554025053,-0.0013013847041669635,1.002607859045254
8231,4,0.28674463,0.32596586,3.1569213573197406,3.1405550530151882,0.0052112776334996,0.9896583545421168
8231,5,0.2483836,0.28674463,2.4580680067122347,2.4753202383842647,-0.006969696851544027,1.0140864898824218
8231,6,0.21083225,0.2483836,1.849909756494986,1.854139957568324,-0.0022814896232999926,1.0045786424695382
8231,7,0.17404257,0.21083225,1.3169751047537541,1.3216022817859978,-0.0035011872300875213,1.0070393218253182
8231,8,0.13796899,0.17404257,0.8884954923682375,0.8953738556032581,-0.0076821131106025176,1.0155431018178636
8231,9,0.10256817,0.13796899,0.5390340453906642,0.541229351707423,-0.004056147934019538,1.0081619211686785
8231,10,0.06779888,0.10256817,0.2763603270462713,0.27588791080930203,0.0017123484518892784,0.9965840794674201
8231,11,0.03362193,0.06779888,0.1032879075845939,0.10319484357353705,0.0009018281130541705,0.9981987807252263
8231,12,0.0,0.03362193,0.014777799030456298,0.014923665588412084,-0.00977417760346011,1.019838740112609
