segment_index,z_lo,z_hi,ell_min,ell_max,ell_effective,theory_cl,ensemble_mean_theoretical_normalization_cl,ensemble_mean_measured_normalization_cl,realization_std_cl,ensemble_sem_cl,theoretical_normalization_mean_over_theory,measured_normalization_mean_over_theory,mean_minus_theory_over_sem,theory_model,linear_power_evolution
9,0.10256817,0.13796899,20,39,30.608333333333334,0.00022071826548362918,0.0002222642506746393,0.00022573156241082918,7.798035922486931e-06,2.7570220403634016e-06,1.0070043373511595,1.0227135571050954,0.5607445890444662,painting-pair-model,scale_dependent_camb
9,0.10256817,0.13796899,40,59,50.165,0.00012196406301376714,0.00012203124075622905,0.0001239357768590668,3.3016637170656447e-06,1.1673144017673499e-06,1.000550799479797,1.0161663509445165,0.057548970834425506,painting-pair-model,scale_dependent_camb
9,0.10256817,0.13796899,60,79,69.975,7.610804957243551e-05,7.541388676160726e-05,7.656901289696982e-05,3.195726289144297e-06,1.1298598649350268e-06,0.9908792458257969,1.0060566960672876,-0.6143795636710784,painting-pair-model,scale_dependent_camb
9,0.10256817,0.13796899,80,99,89.86944444444444,5.220912051562875e-05,5.332010142777599e-05,5.414816478451325e-05,1.339549269779586e-06,4.736021861973166e-07,1.0212794412389052,1.0371399527464564,2.3458103541869586,painting-pair-model,scale_dependent_camb
9,0.10256817,0.13796899,100,119,109.80227272727272,3.829421958074995e-05,3.891519162308449e-05,3.951572981545368e-05,8.82541547503611e-07,3.1202555645933643e-07,1.0162158166201851,1.031898031819867,1.990131992330783,painting-pair-model,scale_dependent_camb
9,0.10256817,0.13796899,120,139,129.75576923076923,2.948126727231735e-05,3.0290384986625525e-05,3.0757703694867626e-05,8.525439705002945e-07,3.0141981140023107e-07,1.0274451470092647,1.0432965249003674,2.6843547892537596,painting-pair-model,scale_dependent_camb
9,0.10256817,0.13796899,140,159,149.72166666666666,2.3598551347045313e-05,2.414221100452158e-05,2.4514702672556665e-05,5.737230428588863e-07,2.0284172706424935e-07,1.023037840309818,1.038822354475842,2.6802160745952723,painting-pair-model,scale_dependent_camb
9,0.10256817,0.13796899,160,179,169.6955882352941,1.9463494992260674e-05,2.0181875019019456e-05,2.0496354717496754e-05,3.9199568067525855e-07,1.385914020006559e-07,1.0369090971094572,1.0530665086433233,5.183438628865176,painting-pair-model,scale_dependent_camb
9,0.10256817,0.13796899,180,199,189.675,1.6444887143144353e-05,1.7022985148077448e-05,1.7285853250662814e-05,3.828748856532939e-07,1.3536671399573404e-07,1.0351536620410373,1.0511384541710915,4.270606767859584,painting-pair-model,scale_dependent_camb
9,0.10256817,0.13796899,200,219,209.65833333333333,1.4201628309175e-05,1.4488453335478636e-05,1.4714143340829595e-05,2.4068600921377443e-07,8.509535462589387e-08,1.02019662957369,1.036088469610452,3.370630836014608,painting-pair-model,scale_dependent_camb
9,0.10256817,0.13796899,220,239,229.64456521739132,1.2495091325215614e-05,1.2773969978676425e-05,1.2973218501645816e-05,1.9415623085516644e-07,6.864459372365448e-08,1.022319056836185,1.0382652006284516,4.06264555346492,painting-pair-model,scale_dependent_camb
9,0.10256817,0.13796899,240,259,249.633,1.1173968861342018e-05,1.1353917067664605e-05,1.1529221736445488e-05,2.605975122738325e-07,9.213513404458574e-08,1.016104233737857,1.031792900044005,1.9530899714706764,painting-pair-model,scale_dependent_camb
9,0.10256817,0.13796899,260,279,269.6231481481482,1.0134012707040398e-05,1.0237049844889484e-05,1.03962804566699e-05,1.679930878606113e-07,5.939452580935286e-08,1.0101674569420565,1.0258799507373122,1.734791825425449,painting-pair-model,scale_dependent_camb
9,0.10256817,0.13796899,280,299,289.6146551724138,9.305090672463846e-06,9.463206668185631e-06,9.610888028500562e-06,9.340539336341762e-08,3.302379352333477e-08,1.016992418589718,1.0328634472033302,4.787941627907163,painting-pair-model,scale_dependent_camb
9,0.10256817,0.13796899,300,319,309.60725806451615,8.637007054846035e-06,8.793008079762784e-06,8.929175700727368e-06,1.727892762435808e-07,6.10902344740758e-08,1.0180619309358119,1.0338275335455935,2.553616404647284,painting-pair-model,scale_dependent_camb
9,0.10256817,0.13796899,320,339,329.6007575757576,8.09259353222857e-06,8.17830272220449e-06,8.304535538613202e-06,1.950114718025121e-07,6.894696706036275e-08,1.0105910657238109,1.0261896270386714,1.2431176254770147,painting-pair-model,scale_dependent_camb
9,0.10256817,0.13796899,340,359,349.595,7.644228278891136e-06,7.683677616031255e-06,7.802553459342244e-06,1.5112565579933307e-07,5.3430988013486253e-08,1.00516066968448,1.020711728466863,0.738323182984399,painting-pair-model,scale_dependent_camb
9,0.10256817,0.13796899,360,379,369.58986486486486,7.271216441755134e-06,7.300736796864745e-06,7.414085857174301e-06,1.4826428497105028e-07,5.241934065540218e-08,1.0040598922265729,1.0196486264112201,0.5631576960052546,painting-pair-model,scale_dependent_camb
9,0.10256817,0.13796899,380,399,389.5852564102564,6.957715488042497e-06,6.970711496484279e-06,7.07827322714295e-06,1.7077508448254006e-07,6.037811014765481e-08,1.0018678556868439,1.0173272016235275,0.21524371017906568,painting-pair-model,scale_dependent_camb
9,0.10256817,0.13796899,400,419,409.5810975609756,6.69144388660534e-06,6.719301974150758e-06,6.8224307369972625e-06,1.776448785417865e-07,6.280694912997891e-08,1.004163240104454,1.0195752744268134,0.4435510390381498,painting-pair-model,scale_dependent_camb
9,0.10256817,0.13796899,420,439,429.57732558139537,6.462772743521268e-06,6.502526857663338e-06,6.603079879848617e-06,1.3676037282719476e-07,4.835209351185493e-08,1.0061512474165089,1.0217100526191334,0.8221797910843879,painting-pair-model,scale_dependent_camb
9,0.10256817,0.13796899,440,459,449.5738888888889,6.264056188591213e-06,6.282120366052962e-06,6.379004109732549e-06,1.4205062200693406e-07,5.022247904643504e-08,1.002883782794709,1.018350397518894,0.35968311012779336,painting-pair-model,scale_dependent_camb
9,0.10256817,0.13796899,460,479,469.5707446808511,6.0891887428855705e-06,6.09532388111478e-06,6.189403489744117e-06,1.200339445889929e-07,4.243840809572358e-08,1.001007546076869,1.0164578158257345,0.14456570131875185,painting-pair-model,scale_dependent_camb
9,0.10256817,0.13796899,480,499,489.5678571428571,5.93327611332214e-06,5.936526831314173e-06,6.028276870760208e-06,1.1967954037287165e-07,4.231310728347337e-08,1.0005478791025306,1.0160115180253892,0.07682531964044856,painting-pair-model,scale_dependent_camb
9,0.10256817,0.13796899,500,519,509.56519607843137,5.792407093967051e-06,5.821252553089112e-06,5.910905294128666e-06,1.370953132653609e-07,4.847051283941537e-08,1.0049798742826803,1.020457505530824,0.595113553215895,painting-pair-model,scale_dependent_camb
9,0.10256817,0.13796899,520,539,529.5627358490566,5.663474494608444e-06,5.725122517290585e-06,5.813614515034114e-06,1.0863061709814379e-07,3.840672299728839e-08,1.0108851947229265,1.026510231584622,1.605136233218674,painting-pair-model,scale_dependent_camb
9,0.10256817,0.13796899,540,559,549.5604545454545,5.543996536912219e-06,5.5763027564566614e-06,5.661861068816781e-06,1.5538647506572183e-07,5.493741511182314e-08,1.0058272438175866,1.0212598494821947,0.588054961790329,painting-pair-model,scale_dependent_camb
9,0.10256817,0.13796899,560,579,569.5583333333333,5.432097576998997e-06,5.4181650343908134e-06,5.501679771056753e-06,1.2246692364065548e-07,4.32985960886813e-08,0.9974351450041733,1.0128094521630808,-0.3217781606509368,painting-pair-model,scale_dependent_camb
9,0.10256817,0.13796899,580,599,589.5563559322034,5.326160568486713e-06,5.314078945286805e-06,5.395536611543534e-06,1.4896139801052922e-07,5.266580733413675e-08,0.9977316449542676,1.0130255260172398,-0.22940165187739525,painting-pair-model,scale_dependent_camb
9,0.10256817,0.13796899,600,619,609.5545081967213,5.2249675603652686e-06,5.2252057075030715e-06,5.305647747771316e-06,1.308277843807374e-07,4.625460675161544e-08,1.0000455786825566,1.015441280060389,0.005148614473835839,painting-pair-model,scale_dependent_camb
9,0.10256817,0.13796899,620,639,629.5527777777778,5.127727623310135e-06,5.132053725767351e-06,5.2108567733630436e-06,1.4109368735826104e-07,4.988415155682051e-08,1.000843668536049,1.0162116937871293,0.08672298359706841,painting-pair-model,scale_dependent_camb
9,0.10256817,0.13796899,640,659,649.5511538461539,5.033750656739289e-06,5.001942819769266e-06,5.07875389261514e-06,1.446662087677866e-07,5.114722861412534e-08,0.993681086104764,1.0089402989827476,-0.6218877900500541,painting-pair-model,scale_dependent_camb
9,0.10256817,0.13796899,660,679,669.5496268656716,4.9422362834317804e-06,4.900551200964794e-06,4.976010281662094e-06,1.2532468281441003e-07,4.4308966534061254e-08,0.9915655423827611,1.0068337481847107,-0.9407820973423477,painting-pair-model,scale_dependent_camb
9,0.10256817,0.13796899,680,699,689.5481884057971,4.853037919751676e-06,4.813621966737988e-06,4.887579802184534e-06,1.2674877563702084e-07,4.481245938001485e-08,0.9918780867437144,1.0071175793397935,-0.8795757599339938,painting-pair-model,scale_dependent_camb
9,0.10256817,0.13796899,700,719,709.5468309859154,4.765823005528821e-06,4.697261909712903e-06,4.7695489635670476e-06,1.1354727029838753e-07,4.014502240660584e-08,0.9856140071218801,1.000781807892132,-1.7078355349139378,painting-pair-model,scale_dependent_camb
9,0.10256817,0.13796899,720,739,729.5455479452055,4.680066831333933e-06,4.623217015495375e-06,4.694314962781641e-06,1.2225824387901788e-07,4.322481665140613e-08,0.9878527769180692,1.003044429056507,-1.3152124229243902,painting-pair-model,scale_dependent_camb
9,0.10256817,0.13796899,740,759,749.5443333333334,4.5960112616771366e-06,4.537332329616537e-06,4.607481320684475e-06,9.39173152615608e-08,3.3204785246142235e-08,0.9872326396260425,1.0024956551135937,-1.767183001655367,painting-pair-model,scale_dependent_camb
9,0.10256817,0.13796899,760,779,769.5431818181818,4.513153340474801e-06,4.465707355887611e-06,4.534666728357894e-06,9.410907404309044e-08,3.3272582213528074e-08,0.9894871764799823,1.0047668196181496,-1.4259784312111277,painting-pair-model,scale_dependent_camb
9,0.10256817,0.13796899,780,799,789.5420886075949,4.431626377536085e-06,4.389186777597585e-06,4.456754757639175e-06,1.0846544373225821e-07,3.834832539374384e-08,0.9904234706802844,1.005670238860944,-1.106687176108696,painting-pair-model,scale_dependent_camb
9,0.10256817,0.13796899,800,819,809.5410493827161,4.351307534943274e-06,4.286924878910686e-06,4.352604097739385e-06,1.3798490179863143e-07,4.878502988158606e-08,0.9852038368891277,1.0002979708480033,-1.319721565998047,painting-pair-model,scale_dependent_camb
9,0.10256817,0.13796899,820,839,829.5400602409638,4.272042618714933e-06,4.227164676409753e-06,4.292169752624083e-06,1.03120482243903e-07,3.645859613694539e-08,0.9894949684938584,1.0047113607483635,-1.2309289731455926,painting-pair-model,scale_dependent_camb
9,0.10256817,0.13796899,840,859,849.5391176470588,4.1940317377449784e-06,4.1403741134181325e-06,4.204102986149827e-06,9.419919387200194e-08,3.330444438459942e-08,0.9872061949736947,1.002401328610418,-1.6111250410668363,painting-pair-model,scale_dependent_camb
9,0.10256817,0.13796899,860,879,869.5382183908046,4.116938268523259e-06,4.07125277594706e-06,4.133884797552217e-06,9.270621915700879e-08,3.2776598112043567e-08,0.9889030416303555,1.0041162941787412,-1.3938448529657537,painting-pair-model,scale_dependent_camb
9,0.10256817,0.13796899,880,899,889.5373595505617,4.041117011168207e-06,3.997964749637615e-06,4.059556473470374e-06,8.59217739892327e-08,3.037793451968218e-08,0.9893216995668932,1.0045629617383527,-1.4205133499986273,painting-pair-model,scale_dependent_camb
9,0.10256817,0.13796899,900,919,909.5365384615385,3.9661869773179735e-06,3.92120545682591e-06,3.981594261963573e-06,9.254394659591214e-08,3.271922609786759e-08,0.9886587493859199,1.0038846591786297,-1.3747733628392675,painting-pair-model,scale_dependent_camb
9,0.10256817,0.13796899,920,939,929.535752688172,3.89250173790071e-06,3.850961492805949e-06,3.910332345168459e-06,8.230931155503263e-08,2.9100736177679913e-08,0.9893281370460829,1.0045807576896204,-1.4274637191694755,painting-pair-model,scale_dependent_camb
9,0.10256817,0.13796899,940,959,949.535,3.819766349598769e-06,3.75247609713437e-06,3.8100149714068894e-06,1.0149709911478285e-07,3.588464352741304e-08,0.9823836731606719,0.9974471270493013,-1.8751824136972377,painting-pair-model,scale_dependent_camb
9,0.10256817,0.13796899,960,979,969.5342783505155,3.748198962666306e-06,3.6846793528074737e-06,3.7416742591558486e-06,6.116500458841912e-08,2.1625094757888725e-08,0.9830532982663099,0.9982592430189949,-2.9373101283480243,painting-pair-model,scale_dependent_camb
9,0.10256817,0.13796899,980,999,989.5335858585859,3.677701327804816e-06,3.6273868673574933e-06,3.683196995252386e-06,8.385379677791864e-08,2.9646794164952468e-08,0.9863190466101946,1.0014943213050012,-1.6971298875479457,painting-pair-model,scale_dependent_camb
9,0.10256817,0.13796899,1000,1019,1009.5329207920792,3.6082562998894534e-06,3.569357776058436e-06,3.6242122709229027e-06,8.67780372979777e-08,3.0680669315729585e-08,0.9892195784894191,1.0044220725212725,-1.2678512137632694,painting-pair-model,scale_dependent_camb
9,0.10256817,0.13796899,1020,1039,1029.532281553398,3.540029342126737e-06,3.4902210009408554e-06,3.54397840547588e-06,7.496561709669265e-08,2.6504348102452776e-08,0.9859299637454536,1.0011155453719405,-1.8792516983759358,painting-pair-model,scale_dependent_camb
9,0.10256817,0.13796899,1040,1059,1049.5316666666668,3.472738639221899e-06,3.4245075648546045e-06,3.4772083211030805e-06,7.878860210883202e-08,2.785597741568192e-08,0.9861115161899713,1.0012870769572753,-1.7314443376932793,painting-pair-model,scale_dependent_camb
9,0.10256817,0.13796899,1060,1079,1069.5310747663552,3.406782209901152e-06,3.349120067804466e-06,3.4006151461540586e-06,8.238135596175005e-08,2.9126207721948136e-08,0.9830743092619475,0.9981897687121971,-1.97973394432789,painting-pair-model,scale_dependent_camb
9,0.10256817,0.13796899,1080,1099,1089.530504587156,3.341770424329925e-06,3.284805434394098e-06,3.335333208087176e-06,7.560912069968375e-08,2.6731860983149268e-08,0.9829536495023444,0.998073710810329,-2.1309773371833525,painting-pair-model,scale_dependent_camb
9,0.10256817,0.13796899,1100,1119,1109.529954954955,3.2779862724215687e-06,3.2308177042639476e-06,3.280586086911368e-06,8.154814728697826e-08,2.883162396991084e-08,0.985610504670364,1.0007931132938757,-1.6360010870996007,painting-pair-model,scale_dependent_camb
9,0.10256817,0.13796899,1120,1139,1129.529424778761,3.2153540919034214e-06,3.1710959841012546e-06,3.2199636637519455e-06,6.815589876654365e-08,2.409674909784343e-08,0.9862353860454707,1.0014336125094687,-1.8366837627125283,painting-pair-model,scale_dependent_camb
9,0.10256817,0.13796899,1140,1159,1149.5289130434783,3.153729907280956e-06,3.0935560831279985e-06,3.1412374334197987e-06,6.470898221554115e-08,2.2878080064144426e-08,0.9809197915097183,0.9960388256989554,-2.6301955401959005,painting-pair-model,scale_dependent_camb
9,0.10256817,0.13796899,1160,1179,1169.5284188034188,3.093423045273242e-06,3.020977790082686e-06,3.0674873618119764e-06,6.684105874469929e-08,2.3631882950032625e-08,0.9765808768699604,0.991615862724985,-3.0655726987026237,painting-pair-model,scale_dependent_camb
9,0.10256817,0.13796899,1180,1199,1189.5279411764707,3.0341369749630633e-06,2.971014743658123e-06,3.0170420552748197e-06,4.418287223491712e-08,1.5621004284804362e-08,0.9791959849453702,0.994365804896316,-4.040856154577966,painting-pair-model,scale_dependent_camb
9,0.10256817,0.13796899,1200,1219,1209.527479338843,2.975987281282288e-06,2.9229040158689735e-06,2.967931622467891e-06,6.410660279304209e-08,2.2665106776896266e-08,0.9821628050135879,0.997293113829799,-2.342069946364651,painting-pair-model,scale_dependent_camb
9,0.10256817,0.13796899,1220,1239,1229.5270325203253,2.9190749337944806e-06,2.871858455806268e-06,2.916103320122832e-06,6.166584182613202e-08,2.180216746141749e-08,0.9838248489473217,0.9989820015795944,-2.1656781635023212,painting-pair-model,scale_dependent_camb
9,0.10256817,0.13796899,1240,1259,1249.5266,2.8631598497143396e-06,2.8137256321320457e-06,2.857056900192532e-06,6.18362022597421e-08,2.1862398970343274e-08,0.9827343843246384,0.9978684565856787,-2.2611524768783275,painting-pair-model,scale_dependent_camb
9,0.10256817,0.13796899,1260,1279,1269.5261811023622,2.808444826900138e-06,2.74773829175578e-06,2.789978222365906e-06,6.333287568546693e-08,2.2391552934619138e-08,0.9783842877870015,0.9934246155176868,-2.711135548374617,painting-pair-model,scale_dependent_camb
9,0.10256817,0.13796899,1280,1299,1289.5257751937984,2.7548850723844006e-06,2.7034837760605998e-06,2.7452992193899655e-06,4.467751493656823e-08,1.579588688910533e-08,0.9813417638219978,0.9965204163721653,-3.2540937197551827,painting-pair-model,scale_dependent_camb
9,0.10256817,0.13796899,1300,1319,1309.5253816793893,2.7023229676855393e-06,2.6469516204531475e-06,2.687838207022218e-06,4.4009429808785474e-08,1.5559683126972796e-08,0.9795097225999542,0.9946398854479902,-3.558642343840877,painting-pair-model,scale_dependent_camb
9,0.10256817,0.13796899,1320,1339,1329.525,2.6509485346393023e-06,2.597002600220196e-06,2.637048385456952e-06,5.0032790851705937e-08,1.768926284646476e-08,0.9796503275283515,0.9947565375182805,-3.049642875869619,painting-pair-model,scale_dependent_camb
9,0.10256817,0.13796899,1340,1359,1349.5246296296295,2.6006856336680793e-06,2.5493573848968653e-06,2.5885559829089276e-06,5.809932079807192e-08,2.0541211859324636e-08,0.9802635704574493,0.9953359796347074,-2.4987936019906076,painting-pair-model,scale_dependent_camb
9,0.10256817,0.13796899,1360,1379,1369.5242700729927,2.5514068146619747e-06,2.507723092577896e-06,2.5463851749972327e-06,5.2390353458588566e-08,1.8522787099664032e-08,0.9828785743484556,0.9980318153749984,-2.358377378578793,painting-pair-model,scale_dependent_camb
9,0.10256817,0.13796899,1380,1399,1389.5239208633093,2.503261531008458e-06,2.460883595001113e-06,2.4990190286154483e-06,3.0494418343349016e-08,1.0781404999460767e-08,0.9830709114959023,0.998305210086738,-3.9306505979011837,painting-pair-model,scale_dependent_camb
9,0.10256817,0.13796899,1400,1419,1409.5235815602837,2.456206798163228e-06,2.4128660250798406e-06,2.4501995667656184e-06,3.53394238580472e-08,1.2494373126625418e-08,0.9823545911867853,0.9975542648110485,-3.468823337045108,painting-pair-model,scale_dependent_camb
9,0.10256817,0.13796899,1420,1439,1429.5232517482518,2.410115467556339e-06,2.3660295015958886e-06,2.4025886907068184e-06,4.205975840916401e-08,1.4870370193093895e-08,0.9817079444724073,0.9968770057074683,-2.964685168424726,painting-pair-model,scale_dependent_camb
9,0.10256817,0.13796899,1440,1459,1449.5229310344828,2.3650684234631783e-06,2.319540354499722e-06,2.3553130202905183e-06,4.64488595438762e-08,1.6422151780928175e-08,0.9807497878235635,0.9958752131329989,-2.77235709246886,painting-pair-model,scale_dependent_camb
9,0.10256817,0.13796899,1460,1479,1469.522619047619,2.3211057994138045e-06,2.2719013708419773e-06,2.3069625934444194e-06,4.18996424077611e-08,1.4813760637909657e-08,0.97880129868089,0.9939066948292676,-3.3215352788885273,painting-pair-model,scale_dependent_camb
9,0.10256817,0.13796899,1480,1499,1489.5223154362416,2.2780871751602637e-06,2.23234130171309e-06,2.2668965377423235e-06,3.2936541398149175e-08,1.1644825885731366e-08,0.9799191734425371,0.9950877044829713,-3.9284291492264485,painting-pair-model,scale_dependent_camb
9,0.10256817,0.13796899,1500,1519,1509.5220198675497,2.2360082820032382e-06,2.195966845314563e-06,2.2298527016539512e-06,4.312005191486791e-08,1.5245240557059535e-08,0.9820924470580217,0.9972470672855593,-2.626487692260997,painting-pair-model,scale_dependent_camb
9,0.10256817,0.13796899,1520,1539,1529.5217320261438,2.194986253647295e-06,2.1554045801572362e-06,2.188712370478491e-06,3.7851912670896964e-08,1.3382672065236121e-08,0.9819672339978038,0.9971417209750726,-2.957680894899856,painting-pair-model,scale_dependent_camb
9,0.10256817,0.13796899,1540,1559,1549.5214516129033,2.1548929026081707e-06,2.1179213632426654e-06,2.1505045066940254e-06,4.868985639742674e-08,1.7214463816809826e-08,0.9828429805858301,0.9979635201782725,-2.1477020579289157,painting-pair-model,scale_dependent_camb
9,0.10256817,0.13796899,1560,1579,1569.521178343949,2.1156748246360956e-06,2.083415145572612e-06,2.1156907908665306e-06,2.908369976624312e-08,1.0282640663352059e-08,0.9847520617592865,1.0000075466372473,-3.1372951870679375,painting-pair-model,scale_dependent_camb
9,0.10256817,0.13796899,1580,1599,1589.5209119496856,2.0774111967448305e-06,2.040965650918478e-06,2.072628546273895e-06,2.4466249323005965e-08,8.650125403249147e-09,0.9824562677415717,0.9976977834342909,-4.213296816790971,painting-pair-model,scale_dependent_camb
9,0.10256817,0.13796899,1600,1619,1609.520652173913,2.0400889898708574e-06,2.002314020165074e-06,2.0331941085189594e-06,3.929781993210727e-08,1.3893877479920461e-08,0.9814836657158889,0.9966203036308066,-2.7188212765209805,painting-pair-model,scale_dependent_camb
9,0.10256817,0.13796899,1620,1639,1629.520398773006,2.0036135483157144e-06,1.9721359962700183e-06,2.0026491906657476e-06,3.1626387809728216e-08,1.1181616642347191e-08,0.9842896091054301,0.9995186907920555,-2.8151163693525145,painting-pair-model,scale_dependent_camb
9,0.10256817,0.13796899,1640,1659,1649.5201515151516,1.967960784234352e-06,1.9294034309332982e-06,1.959161488089689e-06,3.843540462395809e-08,1.3588967623624774e-08,0.9804074585174953,0.995528723836798,-2.837401219061034,painting-pair-model,scale_dependent_camb
9,0.10256817,0.13796899,1660,1679,1669.5199101796406,1.933220181141987e-06,1.8934598914262694e-06,1.9226912672108396e-06,3.371358548784554e-08,1.191955245828398e-08,0.9794331291885073,0.9945536912795273,-3.3357200159041778,painting-pair-model,scale_dependent_camb
9,0.10256817,0.13796899,1680,1699,1689.519674556213,1.8993118260274573e-06,1.8616376921530398e-06,1.8903556599170162e-06,3.4404241205531865e-08,1.2163736129004611e-08,0.9801643240682518,0.9952845204311851,-3.0972501766610128,painting-pair-model,scale_dependent_camb
9,0.10256817,0.13796899,1700,1719,1709.5194444444444,1.8661876240145016e-06,1.8361387311830977e-06,1.8645165600118845e-06,2.98214792251267e-08,1.054348509255042e-08,0.9838982466474815,0.9991045573440133,-2.8499962363142366,painting-pair-model,scale_dependent_camb
9,0.10256817,0.13796899,1720,1739,1729.519219653179,1.8338352835909631e-06,1.8073152724591179e-06,1.8352257401178333e-06,3.101732397594416e-08,1.09662800588251e-08,0.9855384988122191,1.000758223238102,-2.41832335026893,painting-pair-model,scale_dependent_camb
9,0.10256817,0.13796899,1740,1759,1749.519,1.8023199049639932e-06,1.7709771699355622e-06,1.79839629300134e-06,2.4526134051447485e-08,8.671297852034405e-09,0.9826097825685074,0.9978230213449639,-3.6145379346042854,painting-pair-model,scale_dependent_camb
9,0.10256817,0.13796899,1760,1779,1769.5187853107345,1.7715584128505649e-06,1.738061499735196e-06,1.764918276905995e-06,2.9726879125831482e-08,1.0510038906694133e-08,0.9810918381960265,0.9962518108935028,-3.1871350251647357,painting-pair-model,scale_dependent_camb
9,0.10256817,0.13796899,1780,1799,1789.5185754189945,1.7415182025492695e-06,1.7096613311937098e-06,1.736059147957647e-06,3.009088619357673e-08,1.0638734839695382e-08,0.981707414077598,0.9968653473827426,-2.9944229117070287,painting-pair-model,scale_dependent_camb
9,0.10256817,0.13796899,1800,1819,1809.5183701657459,1.7121859345923955e-06,1.6936996700039519e-06,1.719890788911754e-06,2.897669518275858e-08,1.0244808830052077e-08,0.9892031208673348,1.0045000102872546,-1.8044518833983565,painting-pair-model,scale_dependent_camb
9,0.10256817,0.13796899,1820,1839,1829.518169398907,1.6836140618112839e-06,1.658023324006827e-06,1.6837001950891443e-06,2.2407399239081423e-08,7.92221197535438e-09,0.9848001163776658,1.0000511597519968,-3.230251586812922,painting-pair-model,scale_dependent_camb
9,0.10256817,0.13796899,1840,1859,1849.517972972973,1.6557333213679563e-06,1.6238796640775052e-06,1.6490094120952868e-06,2.3834918062249227e-08,8.426916095421077e-09,0.9807616015940696,0.9959390143413226,-3.779989847977657,painting-pair-model,scale_dependent_camb
9,0.10256817,0.13796899,1860,1879,1869.5177807486632,1.628503624074246e-06,1.5988810162700367e-06,1.6235889012940903e-06,2.5695483479366055e-08,9.08472530706332e-09,0.9818099220865727,0.996982062116718,-3.260704842795626,painting-pair-model,scale_dependent_camb
9,0.10256817,0.13796899,1880,1899,1889.5175925925926,1.6017719719061888e-06,1.5742171713993102e-06,1.598618281418404e-06,1.9170592258064515e-08,6.777827892519873e-09,0.9827973013698779,0.9980311239407993,-4.065432310148882,painting-pair-model,scale_dependent_camb
9,0.10256817,0.13796899,1900,1919,1909.5174083769634,1.5756858881751692e-06,1.5528440217556064e-06,1.5769581744316446e-06,1.755881804486868e-08,6.207979654573679e-09,0.9855035406542757,1.0008074491661207,-3.6794364174074303,painting-pair-model,scale_dependent_camb
9,0.10256817,0.13796899,1920,1939,1929.5172279792746,1.5502465391725204e-06,1.525849035152329e-06,1.5495437301235626e-06,1.828553638654999e-08,6.464913388281428e-09,0.9842621780447811,0.999546646916346,-3.773833082499647,painting-pair-model,scale_dependent_camb
9,0.10256817,0.13796899,1940,1959,1949.5170512820512,1.5254084100470034e-06,1.4965540017220927e-06,1.5197444185539799e-06,1.9235045101278457e-08,6.800615413771539e-09,0.9810841423615715,0.9962869016220718,-4.242911349828613,painting-pair-model,scale_dependent_camb
9,0.10256817,0.13796899,1960,1979,1969.5168781725888,1.5011577962222309e-06,1.478173126110763e-06,1.5010942585243081e-06,2.098921449394537e-08,7.42080795022387e-09,0.9846887048321565,0.9999576742044822,-3.0973271732189973,painting-pair-model,scale_dependent_camb
9,0.10256817,0.13796899,1980,1999,1989.5167085427136,1.477522298018966e-06,1.4531287084132213e-06,1.4755989975561906e-06,2.2548059919419146e-08,7.971943035810937e-09,0.9834902054348343,0.9986982934434532,-3.0599302448807904,painting-pair-model,scale_dependent_camb
