segment,ell,UU_measured_cl,UU_candidate_cl,2UH_measured_cl,2UH_candidate_cl,HH_measured_cl,HH_candidate_cl,linear_projection_correction_cl
9,30.608333333333334,9.665792839335162e-05,0.00010393694299732232,9.695891397155911e-05,9.49752461307479e-05,2.8647408309728535e-05,2.279293888573004e-05,-9.868625301710728e-07
9,50.165,5.159757309267804e-05,5.734411698036715e-05,5.255504903241655e-05,5.193871402676806e-05,1.7878618631134476e-05,1.3129439885233982e-05,-4.482078786020592e-07
9,69.975,3.085297850808058e-05,3.561023300160722e-05,3.178118385725884e-05,3.189998547403335e-05,1.2779724396267838e-05,8.88363570449423e-06,-2.8580460769928273e-07
9,89.86944444444444,2.0816955246251317e-05,2.416040461425491e-05,2.215686665388833e-05,2.137560663213179e-05,1.0346279527636339e-05,6.899171234752098e-06,-2.2606196551005072e-07
9,109.80227272727272,1.4440574811960109e-05,1.735615332912039e-05,1.5654587407774622e-05,1.51493995156576e-05,8.820029403349754e-06,5.931374182179684e-06,-1.427074462077337e-07
9,129.75576923076923,1.0700359613872856e-05,1.2956179626105105e-05,1.1815229206834554e-05,1.1145235758869691e-05,7.774796165918113e-06,5.466360116023371e-06,-8.65082286808193e-08
9,149.72166666666666,8.10574825428254e-06,9.947595248736435e-06,9.024866119896246e-06,8.423550105010605e-06,7.011596630342796e-06,5.261674905185653e-06,-3.426891188737931e-08
9,169.6955882352941,6.41743891324616e-06,7.800150495512014e-06,7.173062740004566e-06,6.4921915906627555e-06,6.591373365768725e-06,5.188073811230037e-06,-1.6920905144140393e-08
9,189.675,5.107375780438334e-06,6.218302209077773e-06,5.705408579013213e-06,5.07704812554379e-06,6.210200788625903e-06,5.175561268035413e-06,-2.6024459512626526e-08
9,209.65833333333333,4.0831118714719645e-06,5.027529053281476e-06,4.518365143639337e-06,4.016628331904564e-06,5.886976320367335e-06,5.18673082710265e-06,-2.9259903113688723e-08
9,229.64456521739132,3.377124011205857e-06,4.1155324875658405e-06,3.7000824483521906e-06,3.2075605863186178e-06,5.696763519118377e-06,5.2020788485622216e-06,-3.008059723106517e-08
9,249.633,2.829307529379137e-06,3.408265737757424e-06,2.9857146588237574e-06,2.582116064087284e-06,5.53889487946171e-06,5.212568583030178e-06,-2.898152353286919e-08
9,269.6231481481482,2.376887203258033e-06,2.853826904929211e-06,2.4344777430064023e-06,2.0931707798126224e-06,5.425684898625046e-06,5.214703678440151e-06,-2.7688656141586855e-08
9,289.6146551724138,2.0441358714710586e-06,2.4158750877500887e-06,2.028956373996552e-06,1.7079386537311835e-06,5.390114422718022e-06,5.20790320894847e-06,-2.6626277965894485e-08
9,309.60725806451615,1.7901831434779089e-06,2.0671250867569364e-06,1.69007321614794e-06,1.4019627517244423e-06,5.312751720136937e-06,5.192863004001257e-06,-2.49437876366002e-08
9,329.6007575757576,1.5417230186216231e-06,1.7877612270006072e-06,1.3704020254848957e-06,1.1575535560225925e-06,5.2661776780979714e-06,5.1707690729407175e-06,-2.349032373534884e-08
9,349.595,1.3711427789311294e-06,1.5620833093576747e-06,1.1378714993749332e-06,9.607626547261648e-07,5.174663337725192e-06,5.14287351286363e-06,-2.1491198056336288e-08
9,369.58986486486486,1.2017214399692372e-06,1.3791249898842789e-06,9.406659181946109e-07,8.018435399665293e-07,5.158349438700895e-06,5.110228121953735e-06,-1.9980210049410044e-08
9,389.5852564102564,1.0781927837895746e-06,1.2299136332662748e-06,7.560249292467558e-07,6.72838274861997e-07,5.136493783447948e-06,5.073697743953154e-06,-1.8734164038929168e-08
9,409.5810975609756,9.816795609340171e-07,1.1074670379115666e-06,6.43791431538746e-07,5.675541595217846e-07,5.0938309816779955e-06,5.033919246121313e-06,-1.7496556949326107e-08
9,429.57732558139537,8.855873399803783e-07,1.0064773892471556e-06,5.467848199712936e-07,4.812713033964902e-07,5.070154697711665e-06,4.991319631392485e-06,-1.6295580514864627e-08
9,449.5738888888889,8.076878021984864e-07,9.22780099443785e-07,4.4380867506300915e-07,4.1027754794171433e-07,5.030623888791468e-06,4.946172394982186e-06,-1.5173853776473637e-08
9,469.5707446808511,7.485913659739108e-07,8.530716816930253e-07,3.519202469016803e-07,3.5162093241421395e-07,4.994812268239188e-06,4.898643813253833e-06,-1.4147684475502185e-08
9,489.5678571428571,6.920327401232468e-07,7.947298242269078e-07,3.09338654203919e-07,3.029524837907568e-07,4.935155436987007e-06,4.848835621788704e-06,-1.3241816484228827e-08
9,509.56519607843137,6.447823702376896e-07,7.456577013312931e-07,2.6363833430540534e-07,2.6239122501455865e-07,4.912831848546019e-06,4.796821407641252e-06,-1.2463240020054573e-08
9,529.5627358490566,6.07211248804931e-07,7.041084927184729e-07,2.3349908963304685e-07,2.2837354249100598e-07,4.884412178852607e-06,4.7426710742464385e-06,-1.1678614847474037e-08
9,549.5604545454545,5.770559234424066e-07,6.687619810027703e-07,1.8483678631892092e-07,1.997143594169634e-07,4.8144100466953355e-06,4.686464389590928e-06,-1.0944193098443008e-08
9,569.5583333333333,5.50253731951441e-07,6.3849673634316e-07,1.4550815251561225e-07,1.7541613732749714e-07,4.722403149923761e-06,4.6283212378143875e-06,-1.0136534486048661e-08
9,589.5563559322034,5.271660252241755e-07,6.12560750000364e-07,1.237821909916645e-07,1.547988920128944e-07,4.6631307290709655e-06,4.568346987493263e-06,-9.546061019811404e-09
9,609.5545081967213,5.066446155378154e-07,5.90235791106784e-07,1.0730921799205725e-07,1.372243760251989e-07,4.611251873973199e-06,4.506676532335694e-06,-9.169139102407182e-09
9,629.5527777777778,4.902412660667756e-07,5.707709487834915e-07,9.782706419733942e-08,1.220458135702811e-07,4.543985395503236e-06,4.443496962408491e-06,-8.586101452127128e-09
9,649.5511538461539,4.7614027473547994e-07,5.53780341796873e-07,7.737542902647929e-08,1.0892363988624495e-07,4.448427116007306e-06,4.378981183916251e-06,-7.934508860080552e-09
9,669.5496268656716,4.6452630242891326e-07,5.390492705900207e-07,7.360285160044939e-08,9.765293413971646e-08,4.362422046935431e-06,4.313245021217749e-06,-7.71094251570548e-09
9,689.5481884057971,4.5618904167785016e-07,5.260069855145897e-07,5.994721308306736e-08,8.776317108502379e-08,4.297485711977071e-06,4.246516560440905e-06,-7.248797288844817e-09
9,709.5468309859154,4.460119159845294e-07,5.144791124530935e-07,3.5818034624841105e-08,7.9102756353396e-08,4.215431959103533e-06,4.178963623401615e-06,-6.7224866792828564e-09
9,729.5455479452055,4.3829662392765744e-07,5.043872431223366e-07,4.610271063589145e-08,7.158752828828867e-08,4.138817680931827e-06,4.110683828004548e-06,-6.591768081240362e-09
9,749.5443333333334,4.3614161937944676e-07,4.952894036933742e-07,4.110386720516576e-08,6.487193385337077e-08,4.060086843031925e-06,4.04192595805223e-06,-6.076033921840439e-09
9,769.5431818181818,4.2714647379385847e-07,4.872759471795031e-07,2.0980124036194704e-08,5.90089530076796e-08,4.017580758057559e-06,3.972755375792399e-06,-5.8869355047817435e-09
9,789.5420886075949,4.2389437943443046e-07,4.800554081187742e-07,2.398090540922535e-08,5.37712466433962e-08,3.941311492753928e-06,3.903363745882362e-06,-5.564023108447556e-09
9,809.5410493827161,4.2156566694003445e-07,4.7358360726404467e-07,2.5934247841221926e-08,4.9118229250574806e-08,3.8394249641294296e-06,3.833862565653468e-06,-5.25686722481267e-09
9,829.5400602409638,4.161671648851887e-07,4.6778964885176455e-07,2.095935711581063e-08,4.4988036096386305e-08,3.790038154408753e-06,3.764359488827205e-06,-5.094555060422899e-09
9,849.5391176470588,4.134478758626917e-07,4.625091293838665e-07,1.604359137457672e-08,4.125736711676632e-08,3.7108826461808634e-06,3.6950019359217185e-06,-4.736694677373478e-09
9,869.5382183908046,4.1041344797628265e-07,4.5779863817676087e-07,1.8714879718905688e-08,3.795775808036446e-08,3.6421244482518724e-06,3.6258406380921846e-06,-4.658765826051713e-09
9,889.5373595505617,4.107458622979944e-07,4.5345636376019145e-07,1.4773486731085948e-08,3.494336142274254e-08,3.572445400608536e-06,3.557028374026064e-06,-4.31108804079088e-09
9,909.5365384615385,4.09298424417118e-07,4.4957515620118264e-07,1.1596172274724759e-08,3.227165044776265e-08,3.500310860134068e-06,3.4885898226703813e-06,-4.249652001353185e-09
9,929.535752688172,4.077244704133052e-07,4.4598277915034474e-07,1.7537581303222694e-08,2.98210150516008e-08,3.425699441089421e-06,3.4206582927334255e-06,-3.960349034662051e-09
9,949.535,4.052325597767505e-07,4.4274245605612517e-07,-2.470298813934521e-10,2.76284042107203e-08,3.3474905672390127e-06,3.353257389093412e-06,-3.861899761487488e-09
9,969.5342783505155,4.053588001476188e-07,4.397564624350655e-07,7.827279728575117e-09,2.5625864863025532e-08,3.27149327293128e-06,3.2864836655903487e-06,-3.66703022213383e-09
9,989.5335858585859,4.01626803111281e-07,4.3701853347000943e-07,1.075471339390519e-08,2.3803929105511668e-08,3.2150053508523077e-06,3.220378221261627e-06,-3.499356032332702e-09
9,1009.5329207920792,4.01480664336712e-07,4.345255939750001e-07,8.445055225423846e-09,2.215883955207772e-08,3.1594320564963e-06,3.154989420421085e-06,-3.417554058709222e-09
9,1029.532281553398,4.0054985102367374e-07,4.321911141247528e-07,8.114422117685247e-09,2.0630498771795487e-08,3.0815567277994955e-06,3.0903873939617115e-06,-3.1796647315232373e-09
9,1049.5316666666668,4.002047011239812e-07,4.3009589169651603e-07,4.469433995298823e-09,1.9268277409834708e-08,3.0198334297353244e-06,3.026570384351932e-06,-3.1959142363853637e-09
9,1069.5310747663552,3.999284120416097e-07,4.28098582083112e-07,4.18980696421185e-09,1.7981122266538557e-08,2.9450018487986438e-06,2.9636337536222374e-06,-2.931248070736557e-09
9,1089.530504587156,3.9735159757219724e-07,4.263011760026031e-07,1.064513870477403e-09,1.682935786973267e-08,2.886389322951423e-06,2.9015512689961833e-06,-2.9113785385949465e-09
9,1109.529954954955,3.976642359099092e-07,4.246132005784735e-07,3.9216529824435974e-09,1.575659169128866e-08,2.829231815371594e-06,2.840392942606937e-06,-2.7764624551318282e-09
9,1129.529424778761,3.9779604538712145e-07,4.23038604690338e-07,4.331605669230239e-09,1.4762469929341957e-08,2.7689683330449024e-06,2.7801716756546056e-06,-2.6186583708645627e-09
9,1149.5289130434783,3.9467151573349476e-07,4.216132065651823e-07,2.1395746726207677e-09,1.386736021569629e-08,2.6967449927218827e-06,2.72088800423533e-06,-2.6386637352536734e-09
9,1169.5284188034188,3.954818378966888e-07,4.2024148937778036e-07,-6.273617001816711e-10,1.301367333615499e-08,2.626123313886179e-06,2.662602598686683e-06,-2.4347161273768787e-09
9,1189.5279411764707,3.9621940949721253e-07,4.189916472849514e-07,3.3849662117810287e-09,1.2239187547797662e-08,2.5714103679491285e-06,2.6052896163774153e-06,-2.383476247101763e-09
9,1209.527479338843,3.9618863175080435e-07,4.178291140138814e-07,6.247191671459131e-09,1.1523478985101553e-08,2.520468192446709e-06,2.548976773822651e-06,-2.3420855393472057e-09
9,1229.5270325203253,3.9665242878136583e-07,4.167167941586774e-07,4.828911741085886e-09,1.0844067561205265e-08,2.470377115283816e-06,2.4936867983484216e-06,-2.172726273824407e-09
9,1249.5266,3.9645550996116275e-07,4.15709377313149e-07,3.4393445318685766e-09,1.0230666408059831e-08,2.4138307776390137e-06,2.4393951359268253e-06,-2.175329933695684e-09
9,1269.5261811023622,3.9484705092793286e-07,4.147504330421793e-07,1.774579180888869e-09,9.65137973519707e-09,2.3511166616469583e-06,2.386132803545103e-06,-2.089789422341809e-09
9,1289.5257751937984,3.96176468884574e-07,4.1384135957145243e-07,2.3204860219703084e-09,9.105819981061364e-09,2.3049868211540544e-06,2.333897234142283e-06,-1.9593413103964758e-09
9,1309.5253816793893,3.957591296308319e-07,4.1301562261678867e-07,-1.4305850105084491e-09,8.611534734703238e-09,2.2526230758328246e-06,2.2826694012342593e-06,-1.9735909002120683e-09
9,1329.525,3.9511212873588416e-07,4.122220898943634e-07,-6.555759646347525e-09,8.140605182562275e-09,2.20844623113066e-06,2.2324713450782035e-06,-1.8855055158265817e-09
9,1349.5246296296295,3.949559213527118e-07,4.114700861002372e-07,3.196231437915485e-09,7.697079127554504e-09,2.151205232106238e-06,2.183292324193621e-06,-1.773855753334027e-09
9,1369.5242700729927,3.93925546580431e-07,4.107847852764134e-07,5.1253780343761466e-09,7.2937141330910185e-09,2.108672167963089e-06,2.1351130791074273e-06,-1.7847638549572425e-09
9,1389.5239208633093,3.9372369844259264e-07,4.101263888257773e-07,7.96112253905869e-10,6.909419205069248e-09,2.066363784304615e-06,2.0879452194601004e-06,-1.7194964824899825e-09
9,1409.5235815602837,3.9399055115569343e-07,4.094973457701627e-07,2.064225637927045e-09,6.544852439220365e-09,2.01681124828622e-06,2.041777988241467e-06,-1.6133882876214992e-09
9,1429.5232517482518,3.944746359696155e-07,4.089211473586677e-07,-3.1387563331795997e-10,6.211527748452217e-09,1.971868741259591e-06,1.9965898363084378e-06,-1.6070438592190117e-09
9,1449.5229310344828,3.93007855325311e-07,4.083745910887623e-07,-1.264619706569536e-09,5.8973504097818324e-09,1.9277971188809807e-06,1.952380851313781e-06,-1.5843693491471582e-09
9,1469.522619047619,3.93165557136188e-07,4.078435499574183e-07,-3.4536540355887146e-09,5.595039396558538e-09,1.8821894677413776e-06,1.909144996824429e-06,-1.4777867646024596e-09
9,1489.5223154362416,3.9373317460747614e-07,4.073519118855798e-07,-4.800964126716397e-09,5.315833698511413e-09,1.8434090912323306e-06,1.8668590242828343e-06,-1.4395947066622802e-09
9,1509.5220198675497,3.938313973859229e-07,4.0689619921782294e-07,3.3911257523009706e-10,5.0577227302830365e-09,1.801796335353411e-06,1.8255111368887528e-06,-1.4567768336215662e-09
9,1529.5217320261438,3.940384707824527e-07,4.0644729853078794e-07,2.0212568095708056e-10,4.806526448129422e-09,1.7611639836938268e-06,1.785099615203017e-06,-1.3671865346396976e-09
9,1549.5214516129033,3.940291797985897e-07,4.0602503092766743e-07,-1.2201266734961323e-09,4.571210262676927e-09,1.725112310117572e-06,1.7456021477280864e-06,-1.3054863102603244e-09
9,1569.521178343949,3.9188919622286987e-07,4.056368647582276e-07,2.6870665117463183e-09,4.3551523699992475e-09,1.6888388828379954e-06,1.7070002779474555e-06,-1.3174704395866544e-09
9,1589.5209119496856,3.9375386088515924e-07,4.052616521716286e-07,-2.974393888474086e-09,4.148138454182963e-09,1.6501861839217926e-06,1.6692876693665998e-06,-1.286263247580642e-09
9,1609.520652173913,3.9345282064221517e-07,4.0489725971868706e-07,1.497180959614737e-09,3.9490333984932535e-09,1.6073640185632445e-06,1.6324494383105593e-06,-1.2067415568829471e-09
9,1629.520398773006,3.9383712260519395e-07,4.0455742584896444e-07,2.7764779620061085e-09,3.763843886692705e-09,1.575522395702818e-06,1.5964647053911097e-06,-1.1724268110532604e-09
9,1649.5201515151516,3.922261945169585e-07,4.0424293730484195e-07,-2.7629902704499994e-09,3.592708046817246e-09,1.5399402266867894e-06,1.5613171173215912e-06,-1.1919784388984055e-09
9,1669.5199101796406,3.926918428261262e-07,4.039322996424193e-07,-5.0645787441550855e-09,3.4258330476877623e-09,1.5058326273442983e-06,1.5269983772222488e-06,-1.1363287703692272e-09
9,1689.519674556213,3.942772319427588e-07,4.036356898680185e-07,-2.2474836661691593e-09,3.267493927182804e-09,1.4696079438764502e-06,1.4934889467274e-06,-1.0803044951441368e-09
9,1709.5194444444444,3.943394188566026e-07,4.033587513651691e-07,2.7148065149454466e-09,3.1200818512129487e-09,1.4390845058115492e-06,1.4607703178150486e-06,-1.0615270169290795e-09
9,1729.519219653179,3.9294085495124897e-07,4.0309953004533796e-07,8.485093365106265e-10,2.982479839473289e-09,1.4135259081713586e-06,1.4288270830414177e-06,-1.0738093352658359e-09
9,1749.519,3.9342759885998267e-07,4.0284233684467436e-07,2.8879202893453907e-09,2.8478543167871615e-09,1.3746616507862344e-06,1.3976479614943553e-06,-1.0182476918235986e-09
9,1769.5187853107345,3.938006617074265e-07,4.0259777909776365e-07,-8.655188232412655e-10,2.7205105739062256e-09,1.3451263568510101e-06,1.367213672570279e-06,-9.73549391384079e-10
9,1789.5185754189945,3.937341131857738e-07,4.0236882917055046e-07,9.349685859531147e-10,2.601669906072473e-09,1.314992249421983e-06,1.337506806899039e-06,-9.591034263929421e-10
9,1809.5183701657459,3.9478930827706917e-07,4.021539140051133e-07,8.097137819537947e-09,2.4904331331796907e-09,1.2908132239073444e-06,1.3085120207193576e-06,-9.704332652553158e-10
9,1829.518169398907,3.923480403585215e-07,4.019403988812833e-07,1.5598120078174878e-09,2.3815085742045264e-09,1.264115471640488e-06,1.2802169769036209e-06,-9.24822547825652e-10
9,1849.517972972973,3.9361203110465796e-07,4.017365092014949e-07,-2.2702877463210713e-09,2.278106030595904e-09,1.2325379207191686e-06,1.2526037619090922e-06,-8.85055773226677e-10
9,1869.5177807486632,3.9292253053893013e-07,4.015457177314269e-07,-1.013732821530077e-09,2.181525080221415e-09,1.206972218552637e-06,1.2256557441489983e-06,-8.79362886400889e-10
9,1889.5175925925926,3.933775888474269e-07,4.0138442293821166e-07,1.0224016248812152e-09,2.097483607184923e-09,1.179817180927002e-06,1.1993546353332297e-06,-1.0645699724378597e-09
9,1909.5174083769634,3.9301506100576886e-07,4.012293371672811e-07,1.992585902743933e-09,2.0169782584128674e-09,1.157836374847094e-06,1.173690406183114e-06,-1.250833433639007e-09
9,1929.5172279792746,3.929820079863379e-07,4.010790965102082e-07,2.1435998494248012e-09,1.9395679950921707e-09,1.1307234273165663e-06,1.14864798088842e-06,-1.4201062212002727e-09
9,1949.5170512820512,3.923436790393287e-07,4.0093831753682854e-07,-1.7051627750991312e-09,1.866955936784876e-09,1.1059154854578628e-06,1.1242114383007623e-06,-1.6083017273723071e-09
9,1969.5168781725888,3.9348208771644074e-07,4.0080734946445635e-07,1.2191130739392938e-09,1.7993428956425333e-09,1.0834719253203832e-06,1.1003657226900365e-06,-1.8146188279048568e-09
9,1989.5167085427136,3.928060809279459e-07,4.006783404045348e-07,1.5410404206703233e-09,1.7335570879060816e-09,1.0587815870646053e-06,1.0770985094771875e-06,-1.9881089506627563e-09
