seed,source,redshift,log_a,p,s,populated_bins,weighted_log_residual,peak_height_max_relative_error,collapse_threshold
0,/leonardo_scratch/large/userexternal/tbatalha/AB-MAH/Sims/L3870N2160/fullsky_z0493_ensemble/seed001386/pinocchio.0.4926.000.mf.out,0.492563,-0.18233541455626703,0.7837469827877822,0.3254185650485938,46,0.02324761442596747,0.0011440458849396595,1.686
0,/leonardo_scratch/large/userexternal/tbatalha/AB-MAH/Sims/L3870N2160/fullsky_z0493_ensemble/seed001386/pinocchio.0.4493.000.mf.out,0.449338,-0.17389752054911423,0.8129786091704324,0.3165705177867224,46,0.023336045928864374,0.001054947123147798,1.686
0,/leonardo_scratch/large/userexternal/tbatalha/AB-MAH/Sims/L3870N2160/fullsky_z0493_ensemble/seed001386/pinocchio.0.4072.000.mf.out,0.407205,-0.17283582013944057,0.82301961124894,0.31152963459625044,47,0.02388451386985788,0.0009814294365793064,1.686
0,/leonardo_scratch/large/userexternal/tbatalha/AB-MAH/Sims/L3870N2160/fullsky_z0493_ensemble/seed001386/pinocchio.0.3661.000.mf.out,0.366101,-0.1712855896629763,0.8348950291982983,0.3064453552721112,47,0.0240903597654823,0.0008821621540884284,1.686
0,/leonardo_scratch/large/userexternal/tbatalha/AB-MAH/Sims/L3870N2160/fullsky_z0493_ensemble/seed001386/pinocchio.0.3260.000.mf.out,0.325966,-0.16677755067062627,0.8532102361020978,0.3008244474767652,47,0.0239889685131428,0.0007990044856205358,1.686
0,/leonardo_scratch/large/userexternal/tbatalha/AB-MAH/Sims/L3870N2160/fullsky_z0493_ensemble/seed001386/pinocchio.0.2867.000.mf.out,0.286745,-0.16508559564021075,0.865048310798547,0.2969619720289131,47,0.024524288123638608,0.0007088912256174584,1.686
0,/leonardo_scratch/large/userexternal/tbatalha/AB-MAH/Sims/L3870N2160/fullsky_z0493_ensemble/seed001386/pinocchio.0.2484.000.mf.out,0.248384,-0.16349602907287963,0.8743956916847229,0.2939562531098867,48,0.024947870408302285,0.0006289426182772839,1.686
0,/leonardo_scratch/large/userexternal/tbatalha/AB-MAH/Sims/L3870N2160/fullsky_z0493_ensemble/seed001386/pinocchio.0.2108.000.mf.out,0.210832,-0.16080502952856462,0.8850766857027618,0.29117085600971926,49,0.025462868882429695,0.0005475515148258836,1.686
0,/leonardo_scratch/large/userexternal/tbatalha/AB-MAH/Sims/L3870N2160/fullsky_z0493_ensemble/seed001386/pinocchio.0.1740.000.mf.out,0.174043,-0.1578585099861208,0.8953076142928547,0.2887658948634966,49,0.025808030187116214,0.00046611901762361185,1.686
0,/leonardo_scratch/large/userexternal/tbatalha/AB-MAH/Sims/L3870N2160/fullsky_z0493_ensemble/seed001386/pinocchio.0.1380.000.mf.out,0.137969,-0.15443241292125184,0.9059927040363022,0.2866187718351572,51,0.026331314575367606,0.0003813239164203175,1.686
0,/leonardo_scratch/large/userexternal/tbatalha/AB-MAH/Sims/L3870N2160/fullsky_z0493_ensemble/seed001386/pinocchio.0.1026.000.mf.out,0.102568,-0.15393048873385531,0.9079916411450115,0.28635793548894495,52,0.027445425513332428,0.0002906257567738546,1.686
0,/leonardo_scratch/large/userexternal/tbatalha/AB-MAH/Sims/L3870N2160/fullsky_z0493_ensemble/seed001386/pinocchio.0.0678.000.mf.out,0.067799,-0.15337070797429536,0.9104481840528484,0.28602061491256114,52,0.02849133556337297,0.00022678065832004712,1.686
0,/leonardo_scratch/large/userexternal/tbatalha/AB-MAH/Sims/L3870N2160/fullsky_z0493_ensemble/seed001386/pinocchio.0.0336.000.mf.out,0.033622,-0.15468127127097192,0.9098054772353278,0.2860852026152513,53,0.029504858537763447,5.422283483658141e-05,1.686
0,/leonardo_scratch/large/userexternal/tbatalha/AB-MAH/Sims/L3870N2160/fullsky_z0493_ensemble/seed001386/pinocchio.0.0000.000.mf.out,0.0,-0.1539134185508095,0.9131673912783157,0.2857500351821325,53,0.030371569776616425,1.5933497713671585e-05,1.686
1,/leonardo_scratch/large/userexternal/tbatalha/AB-MAH/Sims/L3870N2160/fullsky_z0493_ensemble/seed002281/pinocchio.0.4926.000.mf.out,0.492563,-0.17817475460088641,0.7930369263184072,0.32388720550659733,45,0.02284779194668511,0.0011440458849396595,1.686
1,/leonardo_scratch/large/userexternal/tbatalha/AB-MAH/Sims/L3870N2160/fullsky_z0493_ensemble/seed002281/pinocchio.0.4493.000.mf.out,0.449338,-0.1777321993399068,0.8035878966978837,0.31781433242131407,46,0.023092971826424852,0.001076067661419433,1.686
1,/leonardo_scratch/large/userexternal/tbatalha/AB-MAH/Sims/L3870N2160/fullsky_z0493_ensemble/seed002281/pinocchio.0.4072.000.mf.out,0.407205,-0.17240080980489683,0.824175695612374,0.31122888452674746,47,0.023400621098149034,0.0009814294365793064,1.686
1,/leonardo_scratch/large/userexternal/tbatalha/AB-MAH/Sims/L3870N2160/fullsky_z0493_ensemble/seed002281/pinocchio.0.3661.000.mf.out,0.366101,-0.16939310645349512,0.8391831135872605,0.30584611497032155,48,0.023764053657240256,0.000908272336416216,1.686
1,/leonardo_scratch/large/userexternal/tbatalha/AB-MAH/Sims/L3870N2160/fullsky_z0493_ensemble/seed002281/pinocchio.0.3260.000.mf.out,0.325966,-0.16780477680457767,0.8504778522742231,0.3015342941186813,48,0.024162835099585778,0.0008169286354156036,1.686
1,/leonardo_scratch/large/userexternal/tbatalha/AB-MAH/Sims/L3870N2160/fullsky_z0493_ensemble/seed002281/pinocchio.0.2867.000.mf.out,0.286745,-0.16491730866501467,0.8636694395645186,0.29746073477959833,49,0.024539014008937963,0.0007392546934261723,1.686
1,/leonardo_scratch/large/userexternal/tbatalha/AB-MAH/Sims/L3870N2160/fullsky_z0493_ensemble/seed002281/pinocchio.0.2484.000.mf.out,0.248384,-0.15917952836487345,0.8812934232707103,0.2935977417945524,49,0.024836208121323172,0.0006413592906628907,1.686
1,/leonardo_scratch/large/userexternal/tbatalha/AB-MAH/Sims/L3870N2160/fullsky_z0493_ensemble/seed002281/pinocchio.0.2108.000.mf.out,0.210832,-0.15723154363050326,0.8907017004764097,0.2909771616966438,50,0.0253415801689377,0.0005579845888039614,1.686
1,/leonardo_scratch/large/userexternal/tbatalha/AB-MAH/Sims/L3870N2160/fullsky_z0493_ensemble/seed002281/pinocchio.0.1740.000.mf.out,0.174043,-0.15549354551658942,0.8995713746324001,0.2886354291372045,50,0.025693106039364998,0.0004712627161267413,1.686
1,/leonardo_scratch/large/userexternal/tbatalha/AB-MAH/Sims/L3870N2160/fullsky_z0493_ensemble/seed002281/pinocchio.0.1380.000.mf.out,0.137969,-0.15286048273680028,0.9094769970303289,0.28657636624928523,51,0.026294138789497004,0.0003813239164203175,1.686
1,/leonardo_scratch/large/userexternal/tbatalha/AB-MAH/Sims/L3870N2160/fullsky_z0493_ensemble/seed002281/pinocchio.0.1026.000.mf.out,0.102568,-0.15037825553959452,0.9158790639913139,0.285602949430174,52,0.02702128229176728,0.0002963789959729013,1.686
1,/leonardo_scratch/large/userexternal/tbatalha/AB-MAH/Sims/L3870N2160/fullsky_z0493_ensemble/seed002281/pinocchio.0.0678.000.mf.out,0.067799,-0.14892410130537487,0.9216454425063564,0.28463886570242675,52,0.027678230707089916,0.00023074185417892856,1.686
1,/leonardo_scratch/large/userexternal/tbatalha/AB-MAH/Sims/L3870N2160/fullsky_z0493_ensemble/seed002281/pinocchio.0.0336.000.mf.out,0.033622,-0.14707196334895062,0.9274730279507637,0.2838901025343241,53,0.02832004153434475,5.764931193907863e-05,1.686
1,/leonardo_scratch/large/userexternal/tbatalha/AB-MAH/Sims/L3870N2160/fullsky_z0493_ensemble/seed002281/pinocchio.0.0000.000.mf.out,0.0,-0.14535693140086864,0.9306397986547901,0.2839779960251023,54,0.029338211606781673,1.592164018426878e-05,1.686
2,/leonardo_scratch/large/userexternal/tbatalha/AB-MAH/Sims/L3870N2160/fullsky_z0493_ensemble/seed003253/pinocchio.0.4926.000.mf.out,0.492563,-0.18126216608285928,0.7849963171975699,0.3254349755192206,45,0.02328852320278754,0.0011090798770907462,1.686
2,/leonardo_scratch/large/userexternal/tbatalha/AB-MAH/Sims/L3870N2160/fullsky_z0493_ensemble/seed003253/pinocchio.0.4493.000.mf.out,0.449338,-0.17717497628149925,0.8026466985746145,0.31840629606234155,46,0.023539725617335888,0.0010530754139244092,1.686
2,/leonardo_scratch/large/userexternal/tbatalha/AB-MAH/Sims/L3870N2160/fullsky_z0493_ensemble/seed003253/pinocchio.0.4072.000.mf.out,0.407205,-0.17320518890074788,0.8235707417593074,0.3111325108372233,46,0.023483004915351754,0.0009547541572398899,1.686
2,/leonardo_scratch/large/userexternal/tbatalha/AB-MAH/Sims/L3870N2160/fullsky_z0493_ensemble/seed003253/pinocchio.0.3661.000.mf.out,0.366101,-0.17042279927294202,0.8386421134939943,0.3055784565365492,46,0.023704104704911327,0.0008693514709070538,1.686
2,/leonardo_scratch/large/userexternal/tbatalha/AB-MAH/Sims/L3870N2160/fullsky_z0493_ensemble/seed003253/pinocchio.0.3260.000.mf.out,0.325966,-0.16660660845172048,0.8528763502008717,0.3010070466909075,47,0.024058114471051346,0.0007954829505858463,1.686
2,/leonardo_scratch/large/userexternal/tbatalha/AB-MAH/Sims/L3870N2160/fullsky_z0493_ensemble/seed003253/pinocchio.0.2867.000.mf.out,0.286745,-0.16506854568074178,0.8632283111353407,0.2974645706908689,47,0.02460563289155953,0.0007083912144631999,1.686
2,/leonardo_scratch/large/userexternal/tbatalha/AB-MAH/Sims/L3870N2160/fullsky_z0493_ensemble/seed003253/pinocchio.0.2484.000.mf.out,0.248384,-0.16346950192826748,0.8734739332875191,0.2940405401740142,48,0.024962614352772798,0.0006267917128461864,1.686
2,/leonardo_scratch/large/userexternal/tbatalha/AB-MAH/Sims/L3870N2160/fullsky_z0493_ensemble/seed003253/pinocchio.0.2108.000.mf.out,0.210832,-0.15746365580288113,0.8902028958009581,0.2907251891166431,49,0.025324325503556566,0.0005485771442574894,1.686
2,/leonardo_scratch/large/userexternal/tbatalha/AB-MAH/Sims/L3870N2160/fullsky_z0493_ensemble/seed003253/pinocchio.0.1740.000.mf.out,0.174043,-0.15584397318048726,0.8983653835168962,0.2885248002183222,50,0.025857179408052485,0.00047110020351159854,1.686
2,/leonardo_scratch/large/userexternal/tbatalha/AB-MAH/Sims/L3870N2160/fullsky_z0493_ensemble/seed003253/pinocchio.0.1380.000.mf.out,0.137969,-0.1536574450754136,0.9068771879770617,0.28662917724896386,50,0.026349598444434064,0.0003754472927481878,1.686
2,/leonardo_scratch/large/userexternal/tbatalha/AB-MAH/Sims/L3870N2160/fullsky_z0493_ensemble/seed003253/pinocchio.0.1026.000.mf.out,0.102568,-0.15064548143828607,0.9166135828260946,0.2847759547608732,51,0.02688025783619313,0.0002855519149431718,1.686
2,/leonardo_scratch/large/userexternal/tbatalha/AB-MAH/Sims/L3870N2160/fullsky_z0493_ensemble/seed003253/pinocchio.0.0678.000.mf.out,0.067799,-0.1483435925320373,0.9235243430897384,0.283889313562331,52,0.02752587450786209,0.00023074185417892856,1.686
2,/leonardo_scratch/large/userexternal/tbatalha/AB-MAH/Sims/L3870N2160/fullsky_z0493_ensemble/seed003253/pinocchio.0.0336.000.mf.out,0.033622,-0.14890727578026638,0.9221259130573112,0.28423488843310185,53,0.02873187781060806,5.422283483658141e-05,1.686
2,/leonardo_scratch/large/userexternal/tbatalha/AB-MAH/Sims/L3870N2160/fullsky_z0493_ensemble/seed003253/pinocchio.0.0000.000.mf.out,0.0,-0.1495972865951015,0.9234437409114071,0.2840639386879923,53,0.029481583542941076,1.5942095870080664e-05,1.686
3,/leonardo_scratch/large/userexternal/tbatalha/AB-MAH/Sims/L3870N2160/fullsky_z0493_ensemble/seed004253/pinocchio.0.4926.000.mf.out,0.492563,-0.173423466462986,0.807086024621155,0.32117701335815113,45,0.02223095136612831,0.0011690484547293156,1.686
3,/leonardo_scratch/large/userexternal/tbatalha/AB-MAH/Sims/L3870N2160/fullsky_z0493_ensemble/seed004253/pinocchio.0.4493.000.mf.out,0.449338,-0.16667396174862265,0.8315431767481157,0.31334819076845044,46,0.02242012818220832,0.001076067661419433,1.686
3,/leonardo_scratch/large/userexternal/tbatalha/AB-MAH/Sims/L3870N2160/fullsky_z0493_ensemble/seed004253/pinocchio.0.4072.000.mf.out,0.407205,-0.16249275473697053,0.8484434209881616,0.3073932064406695,46,0.022753523226646723,0.0009814294365793064,1.686
3,/leonardo_scratch/large/userexternal/tbatalha/AB-MAH/Sims/L3870N2160/fullsky_z0493_ensemble/seed004253/pinocchio.0.3661.000.mf.out,0.366101,-0.16429623102831517,0.8510234098230224,0.30417813472082933,47,0.023539926398293096,0.000908272336416216,1.686
3,/leonardo_scratch/large/userexternal/tbatalha/AB-MAH/Sims/L3870N2160/fullsky_z0493_ensemble/seed004253/pinocchio.0.3260.000.mf.out,0.325966,-0.16202483514593632,0.8636813712731519,0.29971851688849166,48,0.023848828518709515,0.0008192246274911774,1.686
3,/leonardo_scratch/large/userexternal/tbatalha/AB-MAH/Sims/L3870N2160/fullsky_z0493_ensemble/seed004253/pinocchio.0.2867.000.mf.out,0.286745,-0.16009506001086418,0.8743911095315063,0.2961246712354348,49,0.024313538073244247,0.0007392546934261723,1.686
3,/leonardo_scratch/large/userexternal/tbatalha/AB-MAH/Sims/L3870N2160/fullsky_z0493_ensemble/seed004253/pinocchio.0.2484.000.mf.out,0.248384,-0.15598161298354313,0.8887457518130013,0.2924043598041814,49,0.02451498142752003,0.0006413592906628907,1.686
3,/leonardo_scratch/large/userexternal/tbatalha/AB-MAH/Sims/L3870N2160/fullsky_z0493_ensemble/seed004253/pinocchio.0.2108.000.mf.out,0.210832,-0.15250419016190214,0.9019752479327613,0.2892726637021778,50,0.02467964721983355,0.0005579845888039614,1.686
3,/leonardo_scratch/large/userexternal/tbatalha/AB-MAH/Sims/L3870N2160/fullsky_z0493_ensemble/seed004253/pinocchio.0.1740.000.mf.out,0.174043,-0.14869958453739293,0.9142831147955014,0.2868384140286119,50,0.025143788029079506,0.00047110020351159854,1.686
3,/leonardo_scratch/large/userexternal/tbatalha/AB-MAH/Sims/L3870N2160/fullsky_z0493_ensemble/seed004253/pinocchio.0.1380.000.mf.out,0.137969,-0.14520954582303613,0.9236134171944177,0.28507929510848207,50,0.025681458265391782,0.0003813239164203175,1.686
3,/leonardo_scratch/large/userexternal/tbatalha/AB-MAH/Sims/L3870N2160/fullsky_z0493_ensemble/seed004253/pinocchio.0.1026.000.mf.out,0.102568,-0.14376854113360324,0.9298043712005054,0.2838405032714725,51,0.026361345856509802,0.0002906257567738546,1.686
3,/leonardo_scratch/large/userexternal/tbatalha/AB-MAH/Sims/L3870N2160/fullsky_z0493_ensemble/seed004253/pinocchio.0.0678.000.mf.out,0.067799,-0.1434938783818574,0.9327213781849534,0.2831868350823282,53,0.0271662387223814,0.00023149428838431518,1.686
3,/leonardo_scratch/large/userexternal/tbatalha/AB-MAH/Sims/L3870N2160/fullsky_z0493_ensemble/seed004253/pinocchio.0.0336.000.mf.out,0.033622,-0.14479001030141675,0.931868306879766,0.28324694909138226,54,0.027920023071312864,5.764931193907863e-05,1.686
3,/leonardo_scratch/large/userexternal/tbatalha/AB-MAH/Sims/L3870N2160/fullsky_z0493_ensemble/seed004253/pinocchio.0.0000.000.mf.out,0.0,-0.14847131437425032,0.9241107643315488,0.284601472130223,54,0.0294243073219058,1.7256706116297593e-05,1.686
4,/leonardo_scratch/large/userexternal/tbatalha/AB-MAH/Sims/L3870N2160/fullsky_z0493_ensemble/seed005237/pinocchio.0.4926.000.mf.out,0.492563,-0.1751240232006065,0.802080012995171,0.32229514378459745,46,0.022671257329652375,0.0011690484547293156,1.686
4,/leonardo_scratch/large/userexternal/tbatalha/AB-MAH/Sims/L3870N2160/fullsky_z0493_ensemble/seed005237/pinocchio.0.4493.000.mf.out,0.449338,-0.17488853962122863,0.8111238568712301,0.31683502820837234,46,0.023275136349500836,0.0010990089412401538,1.686
4,/leonardo_scratch/large/userexternal/tbatalha/AB-MAH/Sims/L3870N2160/fullsky_z0493_ensemble/seed005237/pinocchio.0.4072.000.mf.out,0.407205,-0.17138252251203434,0.8275300364202185,0.31070084595994796,47,0.0235710014357335,0.0010023737026705337,1.686
4,/leonardo_scratch/large/userexternal/tbatalha/AB-MAH/Sims/L3870N2160/fullsky_z0493_ensemble/seed005237/pinocchio.0.3661.000.mf.out,0.366101,-0.16919089490446082,0.8407223454763874,0.305366417690302,47,0.02380387057633232,0.000908272336416216,1.686
4,/leonardo_scratch/large/userexternal/tbatalha/AB-MAH/Sims/L3870N2160/fullsky_z0493_ensemble/seed005237/pinocchio.0.3260.000.mf.out,0.325966,-0.16749210640620785,0.8521778592167419,0.30110385859697314,48,0.024238749864697443,0.0008354966468524516,1.686
4,/leonardo_scratch/large/userexternal/tbatalha/AB-MAH/Sims/L3870N2160/fullsky_z0493_ensemble/seed005237/pinocchio.0.2867.000.mf.out,0.286745,-0.16761911000685198,0.8580593576937006,0.2980151605735325,49,0.024724543672957087,0.0007393805403079767,1.686
4,/leonardo_scratch/large/userexternal/tbatalha/AB-MAH/Sims/L3870N2160/fullsky_z0493_ensemble/seed005237/pinocchio.0.2484.000.mf.out,0.248384,-0.1624349974518165,0.8749017061375881,0.29419292923225254,50,0.025011287149217656,0.0006516550190427406,1.686
4,/leonardo_scratch/large/userexternal/tbatalha/AB-MAH/Sims/L3870N2160/fullsky_z0493_ensemble/seed005237/pinocchio.0.2108.000.mf.out,0.210832,-0.16100738131977455,0.8841403168584917,0.2914727687008551,51,0.02540644452350275,0.0005675838900318642,1.686
4,/leonardo_scratch/large/userexternal/tbatalha/AB-MAH/Sims/L3870N2160/fullsky_z0493_ensemble/seed005237/pinocchio.0.1740.000.mf.out,0.174043,-0.15682478610280295,0.897052646129992,0.288759286604746,51,0.02579817103060068,0.00047724441443519616,1.686
4,/leonardo_scratch/large/userexternal/tbatalha/AB-MAH/Sims/L3870N2160/fullsky_z0493_ensemble/seed005237/pinocchio.0.1380.000.mf.out,0.137969,-0.15501160067355987,0.9050686372738292,0.2868946156824596,51,0.0263387025399859,0.0003818725853728111,1.686
4,/leonardo_scratch/large/userexternal/tbatalha/AB-MAH/Sims/L3870N2160/fullsky_z0493_ensemble/seed005237/pinocchio.0.1026.000.mf.out,0.102568,-0.1570812986767829,0.9025528117425259,0.2872333951915906,52,0.0276080091815382,0.0002898390632999348,1.686
4,/leonardo_scratch/large/userexternal/tbatalha/AB-MAH/Sims/L3870N2160/fullsky_z0493_ensemble/seed005237/pinocchio.0.0678.000.mf.out,0.067799,-0.1544650547727241,0.910238611717126,0.28608169549165724,52,0.028283122802279972,0.00022746210673973977,1.686
4,/leonardo_scratch/large/userexternal/tbatalha/AB-MAH/Sims/L3870N2160/fullsky_z0493_ensemble/seed005237/pinocchio.0.0336.000.mf.out,0.033622,-0.15254733995892222,0.9163155238150704,0.2851333350300146,53,0.028820220591082944,5.3336010022775326e-05,1.686
4,/leonardo_scratch/large/userexternal/tbatalha/AB-MAH/Sims/L3870N2160/fullsky_z0493_ensemble/seed005237/pinocchio.0.0000.000.mf.out,0.0,-0.15507257485999415,0.9133146869900014,0.2855189311641842,53,0.03001019982591629,1.5931206182928648e-05,1.686
5,/leonardo_scratch/large/userexternal/tbatalha/AB-MAH/Sims/L3870N2160/fullsky_z0493_ensemble/seed006211/pinocchio.0.4926.000.mf.out,0.492563,-0.17790872799023455,0.792793267359077,0.32413086049005047,45,0.022862921653735668,0.0011206161765604516,1.686
5,/leonardo_scratch/large/userexternal/tbatalha/AB-MAH/Sims/L3870N2160/fullsky_z0493_ensemble/seed006211/pinocchio.0.4493.000.mf.out,0.449338,-0.17304367395719,0.813849442207882,0.3165237935805084,47,0.023156583757779944,0.001076067661419433,1.686
5,/leonardo_scratch/large/userexternal/tbatalha/AB-MAH/Sims/L3870N2160/fullsky_z0493_ensemble/seed006211/pinocchio.0.4072.000.mf.out,0.407205,-0.16774811955580926,0.8338692613495515,0.3100564554605115,47,0.023446216234074925,0.0009814294365793064,1.686
5,/leonardo_scratch/large/userexternal/tbatalha/AB-MAH/Sims/L3870N2160/fullsky_z0493_ensemble/seed006211/pinocchio.0.3661.000.mf.out,0.366101,-0.16990162436284514,0.8364432020996709,0.30653061443093715,47,0.024051873492729026,0.0008875714825711256,1.686
5,/leonardo_scratch/large/userexternal/tbatalha/AB-MAH/Sims/L3870N2160/fullsky_z0493_ensemble/seed006211/pinocchio.0.3260.000.mf.out,0.325966,-0.16551497407165178,0.853790190322133,0.30127661788190213,48,0.024186262839074244,0.0008192246274911774,1.686
5,/leonardo_scratch/large/userexternal/tbatalha/AB-MAH/Sims/L3870N2160/fullsky_z0493_ensemble/seed006211/pinocchio.0.2867.000.mf.out,0.286745,-0.16428268980213315,0.8641590120038585,0.2973907403737562,47,0.024491255250209912,0.0007222323876410197,1.686
5,/leonardo_scratch/large/userexternal/tbatalha/AB-MAH/Sims/L3870N2160/fullsky_z0493_ensemble/seed006211/pinocchio.0.2484.000.mf.out,0.248384,-0.15980482289574727,0.8793440919681633,0.2937385965862782,49,0.02478514787183643,0.0006423539891922125,1.686
5,/leonardo_scratch/large/userexternal/tbatalha/AB-MAH/Sims/L3870N2160/fullsky_z0493_ensemble/seed006211/pinocchio.0.2108.000.mf.out,0.210832,-0.1567064363636227,0.8912771104482046,0.2907089520570762,50,0.02524439418244466,0.0005579845888039614,1.686
5,/leonardo_scratch/large/userexternal/tbatalha/AB-MAH/Sims/L3870N2160/fullsky_z0493_ensemble/seed006211/pinocchio.0.1740.000.mf.out,0.174043,-0.1535137232933933,0.9030259244615376,0.2880272976089813,50,0.025687816004971553,0.00046984914965153557,1.686
5,/leonardo_scratch/large/userexternal/tbatalha/AB-MAH/Sims/L3870N2160/fullsky_z0493_ensemble/seed006211/pinocchio.0.1380.000.mf.out,0.137969,-0.15167906005848175,0.9109827001262836,0.28628637671362533,50,0.02622416375886072,0.0003749322222073026,1.686
5,/leonardo_scratch/large/userexternal/tbatalha/AB-MAH/Sims/L3870N2160/fullsky_z0493_ensemble/seed006211/pinocchio.0.1026.000.mf.out,0.102568,-0.15046448561677142,0.9159375376078522,0.2854702448567595,51,0.026952915231979662,0.00028589560591352203,1.686
5,/leonardo_scratch/large/userexternal/tbatalha/AB-MAH/Sims/L3870N2160/fullsky_z0493_ensemble/seed006211/pinocchio.0.0678.000.mf.out,0.067799,-0.15063934742979898,0.9173335483253628,0.285176367459547,51,0.027881911397167197,0.000223027538633902,1.686
5,/leonardo_scratch/large/userexternal/tbatalha/AB-MAH/Sims/L3870N2160/fullsky_z0493_ensemble/seed006211/pinocchio.0.0336.000.mf.out,0.033622,-0.1468374078282307,0.9259597646748059,0.28402552613315285,52,0.028488795054201585,5.23431848096223e-05,1.686
5,/leonardo_scratch/large/userexternal/tbatalha/AB-MAH/Sims/L3870N2160/fullsky_z0493_ensemble/seed006211/pinocchio.0.0000.000.mf.out,0.0,-0.1467356071166535,0.9273985754716937,0.28402351465409764,53,0.029401352608838048,1.5962892586873778e-05,1.686
6,/leonardo_scratch/large/userexternal/tbatalha/AB-MAH/Sims/L3870N2160/fullsky_z0493_ensemble/seed007213/pinocchio.0.4926.000.mf.out,0.492563,-0.1771222433609963,0.797454298139399,0.3228136442156666,45,0.022604231122601532,0.0011099949585930968,1.686
6,/leonardo_scratch/large/userexternal/tbatalha/AB-MAH/Sims/L3870N2160/fullsky_z0493_ensemble/seed007213/pinocchio.0.4493.000.mf.out,0.449338,-0.17742345398643733,0.8055592828751336,0.3172427942777326,45,0.02305675172064533,0.0010267987863563643,1.686
6,/leonardo_scratch/large/userexternal/tbatalha/AB-MAH/Sims/L3870N2160/fullsky_z0493_ensemble/seed007213/pinocchio.0.4072.000.mf.out,0.407205,-0.17333211732716036,0.8221971967288214,0.31123902617222243,46,0.02337666414657137,0.0009557142270146812,1.686
6,/leonardo_scratch/large/userexternal/tbatalha/AB-MAH/Sims/L3870N2160/fullsky_z0493_ensemble/seed007213/pinocchio.0.3661.000.mf.out,0.366101,-0.16715648571687095,0.8444988710427783,0.30494055685264543,47,0.023421250660031884,0.000889310774342178,1.686
6,/leonardo_scratch/large/userexternal/tbatalha/AB-MAH/Sims/L3870N2160/fullsky_z0493_ensemble/seed007213/pinocchio.0.3260.000.mf.out,0.325966,-0.16486561043694584,0.8572622476071704,0.3003823944239833,48,0.02362363232875105,0.0008192246274911774,1.686
6,/leonardo_scratch/large/userexternal/tbatalha/AB-MAH/Sims/L3870N2160/fullsky_z0493_ensemble/seed007213/pinocchio.0.2867.000.mf.out,0.286745,-0.16259578344073,0.8684277041293048,0.29679224464137516,49,0.02411490043264605,0.0007392546934261723,1.686
6,/leonardo_scratch/large/userexternal/tbatalha/AB-MAH/Sims/L3870N2160/fullsky_z0493_ensemble/seed007213/pinocchio.0.2484.000.mf.out,0.248384,-0.16063588775713986,0.8780223202276799,0.2938610423360757,49,0.02471406673378239,0.0006413592906628907,1.686
6,/leonardo_scratch/large/userexternal/tbatalha/AB-MAH/Sims/L3870N2160/fullsky_z0493_ensemble/seed007213/pinocchio.0.2108.000.mf.out,0.210832,-0.15751747680245487,0.8904053440272296,0.2908761030655481,49,0.025003178128502838,0.0005496529041659759,1.686
6,/leonardo_scratch/large/userexternal/tbatalha/AB-MAH/Sims/L3870N2160/fullsky_z0493_ensemble/seed007213/pinocchio.0.1740.000.mf.out,0.174043,-0.15684370020352933,0.8964480837910493,0.2887856977931392,50,0.025544094713792938,0.00046857823989809866,1.686
6,/leonardo_scratch/large/userexternal/tbatalha/AB-MAH/Sims/L3870N2160/fullsky_z0493_ensemble/seed007213/pinocchio.0.1380.000.mf.out,0.137969,-0.15354051711680125,0.907217138100346,0.2866723182525043,50,0.025959526559674498,0.00037453010119437025,1.686
6,/leonardo_scratch/large/userexternal/tbatalha/AB-MAH/Sims/L3870N2160/fullsky_z0493_ensemble/seed007213/pinocchio.0.1026.000.mf.out,0.102568,-0.1548048405743246,0.908980048594095,0.2858705188087111,51,0.02672703295542977,0.0002859748996135725,1.686
6,/leonardo_scratch/large/userexternal/tbatalha/AB-MAH/Sims/L3870N2160/fullsky_z0493_ensemble/seed007213/pinocchio.0.0678.000.mf.out,0.067799,-0.155544210631841,0.9081723778504757,0.28605435514042693,52,0.028007300897167107,0.00022678065832004712,1.686
6,/leonardo_scratch/large/userexternal/tbatalha/AB-MAH/Sims/L3870N2160/fullsky_z0493_ensemble/seed007213/pinocchio.0.0336.000.mf.out,0.033622,-0.15550172111051316,0.9077648634771428,0.28655409182083685,52,0.029461863351121324,5.175941562796105e-05,1.686
6,/leonardo_scratch/large/userexternal/tbatalha/AB-MAH/Sims/L3870N2160/fullsky_z0493_ensemble/seed007213/pinocchio.0.0000.000.mf.out,0.0,-0.15669810519786118,0.9062301251982658,0.2871364509559784,53,0.030967439375007826,1.593484425188585e-05,1.686
7,/leonardo_scratch/large/userexternal/tbatalha/AB-MAH/Sims/L3870N2160/fullsky_z0493_ensemble/seed008231/pinocchio.0.4926.000.mf.out,0.492563,-0.17235112931592,0.807586292741029,0.32161194635773405,46,0.022328512538253624,0.0011690484547293156,1.686
7,/leonardo_scratch/large/userexternal/tbatalha/AB-MAH/Sims/L3870N2160/fullsky_z0493_ensemble/seed008231/pinocchio.0.4493.000.mf.out,0.449338,-0.16924174071754605,0.8228244284120726,0.3151975462284281,47,0.02257567183584441,0.001076067661419433,1.686
7,/leonardo_scratch/large/userexternal/tbatalha/AB-MAH/Sims/L3870N2160/fullsky_z0493_ensemble/seed008231/pinocchio.0.4072.000.mf.out,0.407205,-0.1637341891497314,0.8430573254436617,0.30874011679680546,48,0.02283373735988498,0.0009932391787141892,1.686
7,/leonardo_scratch/large/userexternal/tbatalha/AB-MAH/Sims/L3870N2160/fullsky_z0493_ensemble/seed008231/pinocchio.0.3661.000.mf.out,0.366101,-0.16149505535240025,0.855281305009988,0.30402863960917653,48,0.02322609987837458,0.0009060309734472138,1.686
7,/leonardo_scratch/large/userexternal/tbatalha/AB-MAH/Sims/L3870N2160/fullsky_z0493_ensemble/seed008231/pinocchio.0.3260.000.mf.out,0.325966,-0.1600597010766705,0.8659942656331158,0.29989648265722657,49,0.023579673994360516,0.0008315840293435794,1.686
7,/leonardo_scratch/large/userexternal/tbatalha/AB-MAH/Sims/L3870N2160/fullsky_z0493_ensemble/seed008231/pinocchio.0.2867.000.mf.out,0.286745,-0.15844612724748983,0.8764165283693877,0.2960518327805172,49,0.02385199557019044,0.0007385989501722534,1.686
7,/leonardo_scratch/large/userexternal/tbatalha/AB-MAH/Sims/L3870N2160/fullsky_z0493_ensemble/seed008231/pinocchio.0.2484.000.mf.out,0.248384,-0.15689386799884344,0.8858431625692754,0.293023326974027,49,0.02428401221306868,0.0006442708626990257,1.686
7,/leonardo_scratch/large/userexternal/tbatalha/AB-MAH/Sims/L3870N2160/fullsky_z0493_ensemble/seed008231/pinocchio.0.2108.000.mf.out,0.210832,-0.1529194233392065,0.8992009723106106,0.2899385151094932,51,0.024739325833128045,0.0005675838900318642,1.686
7,/leonardo_scratch/large/userexternal/tbatalha/AB-MAH/Sims/L3870N2160/fullsky_z0493_ensemble/seed008231/pinocchio.0.1740.000.mf.out,0.174043,-0.15131837140374513,0.907855738046045,0.2877390079346565,51,0.025181654085083518,0.0004788388303060831,1.686
7,/leonardo_scratch/large/userexternal/tbatalha/AB-MAH/Sims/L3870N2160/fullsky_z0493_ensemble/seed008231/pinocchio.0.1380.000.mf.out,0.137969,-0.1482663433625628,0.9173013435379742,0.28585688101563395,51,0.025766884505428647,0.0003813239164203175,1.686
7,/leonardo_scratch/large/userexternal/tbatalha/AB-MAH/Sims/L3870N2160/fullsky_z0493_ensemble/seed008231/pinocchio.0.1026.000.mf.out,0.102568,-0.14843073100125448,0.9194537338026982,0.2853181097162316,52,0.026724690544168567,0.0002906257567738546,1.686
7,/leonardo_scratch/large/userexternal/tbatalha/AB-MAH/Sims/L3870N2160/fullsky_z0493_ensemble/seed008231/pinocchio.0.0678.000.mf.out,0.067799,-0.14974103320438858,0.9171755934960016,0.2857391450610642,52,0.028126536329576436,0.00022678065832004712,1.686
7,/leonardo_scratch/large/userexternal/tbatalha/AB-MAH/Sims/L3870N2160/fullsky_z0493_ensemble/seed008231/pinocchio.0.0336.000.mf.out,0.033622,-0.1497940676269692,0.9196376433202832,0.2853242567571297,52,0.02894714582949646,5.220749881607034e-05,1.686
7,/leonardo_scratch/large/userexternal/tbatalha/AB-MAH/Sims/L3870N2160/fullsky_z0493_ensemble/seed008231/pinocchio.0.0000.000.mf.out,0.0,-0.14994856027787412,0.9225235521057136,0.2848038642534078,53,0.02954307299677846,1.5938551789718147e-05,1.686
