zbin,massbin,lower,upper,n_available,n_data,n_random,w_theta,jackknife_sigma,dd,dr,rr,null_reference
0,0,0.08,0.11742394140976554,945,945,2835,-0.6650198288145557,1.6733079941347913,2.2419513944937672e-06,2.9861052788742383e-06,2.2403692128462773e-06,0.0
0,0,0.11742394140976554,0.17235477520255066,945,945,2835,0.16801955978038857,0.6316705244045321,4.4839027889875344e-06,4.105894758452077e-06,4.4807384256925546e-06,0.0
0,0,0.17235477520255066,0.25298221281347033,945,945,2835,1.2926796670919138,1.0519510757679769,1.7935611155950138e-05,7.838526357044876e-06,7.716827288692733e-06,0.0
0,0,0.25298221281347033,0.37132710668902225,945,945,2835,0.7291017519831079,0.687558293834737,3.138731952291274e-05,1.828989483310471e-05,1.9167603265462593e-05,0.0
0,0,0.37132710668902225,0.5450336552463688,945,945,2835,0.5496726345792101,0.3081773768402748,5.156488207335665e-05,3.50867370267723e-05,4.132236548138689e-05,0.0
0,0,0.5450336552463688,0.7999999999999999,945,945,2835,0.18689844586965057,0.24258991067243613,9.864586135772576e-05,8.697031624721219e-05,9.260192746431279e-05,0.0
0,0,0.7999999999999999,1.174239414097655,945,945,2835,0.20752823491713526,0.07987530275544728,0.00022195318805488297,0.0001918572641676698,0.00020412252828154969,0.0
0,0,1.174239414097655,1.7235477520255065,945,945,2835,-0.020439654670415804,0.1299399697476617,0.0004192449107703345,0.0004124557916445042,0.0003975410703239449,0.0
0,0,1.7235477520255065,2.529822128134703,945,945,2835,0.10727451107953176,0.08149288044305793,0.0009797327593937762,0.0008868732678256487,0.000889426577499972,0.0
0,0,2.529822128134703,3.7132710668902216,945,945,2835,-0.014511728107819255,0.03693104457090509,0.001851851851851852,0.0018950570626055634,0.0019105370787327973,0.0
0,0,3.7132710668902216,5.450336552463689,945,945,2835,0.027983514184079135,0.021614113416255975,0.003979463725226437,0.003967787389304144,0.00407000407000407,0.0
0,0,5.450336552463689,8.0,945,945,2835,0.007715619299641405,0.032825932368780904,0.008586673840911128,0.008493976465757771,0.00846660418525862,0.0
0,1,0.08,0.11742394140976554,1949,1949,5847,-0.28483448800981204,0.6809835214160829,2.1071196411996674e-06,2.1060385125997702e-06,1.638310150952142e-06,0.0
0,1,0.11742394140976554,0.17235477520255066,1949,1949,5847,0.42400470406355617,0.4675284698840085,7.3749187441988365e-06,5.001841467424454e-06,4.56386399193811e-06,0.0
0,1,0.17235477520255066,0.25298221281347033,1949,1949,5847,0.8909668404123859,0.2546770386169574,1.3169497757497922e-05,7.107879980024225e-06,9.595816598433974e-06,0.0
0,1,0.25298221281347033,0.37132710668902225,1949,1949,5847,0.5885596985778908,0.19995069794449666,3.0026454887095263e-05,1.9129849822781247e-05,2.001078827234402e-05,0.0
0,1,0.37132710668902225,0.5450336552463688,1949,1949,5847,0.522136873713081,0.14117387760599673,6.426714905658987e-05,4.168201222853712e-05,3.996306546786832e-05,0.0
0,1,0.5450336552463688,0.7999999999999999,1949,1949,5847,0.3850412829305924,0.09673028691822202,0.0001243200588307804,8.880462394795698e-05,8.665490477000436e-05,0.0
0,1,0.7999999999999999,1.174239414097655,1949,1949,5847,0.18831618591006224,0.07805691312381002,0.00022388146187746468,0.00018954346613397931,0.00019121419904684285,0.0
0,1,1.174239414097655,1.7235477520255065,1949,1949,5847,0.1746340675074786,0.08203432866985508,0.0004767358188214248,0.0004106775099569552,0.00041753504418551735,0.0
0,1,1.7235477520255065,2.529822128134703,1949,1949,5847,0.14988029932523725,0.01843285576321404,0.0009935069108256433,0.0008754100084039712,0.0008908311445802272,0.0
0,1,2.529822128134703,3.7132710668902216,1949,1949,5847,0.08836826104998752,0.02895163738407786,0.0020238884153722806,0.0018820086658219697,0.0019088068590897046,0.0
0,1,3.7132710668902216,5.450336552463689,1949,1949,5847,0.006364495532874134,0.01688009939929721,0.004098347702133354,0.004043330689377484,0.004013859869832748,0.0
0,1,5.450336552463689,8.0,1949,1949,5847,0.017673740720845245,0.021895086428464227,0.008638136969098037,0.008490143257127207,0.008492239178537248,0.0
0,2,0.08,0.11742394140976554,390,390,1170,,,3.9549139806209216e-05,0.0,1.4622769113787077e-06,0.0
0,2,0.11742394140976554,0.17235477520255066,390,390,1170,23.04284050710786,12.095350931918803,0.0001054643728165579,4.383081306158229e-06,4.386830734136123e-06,0.0
0,2,0.17235477520255066,0.25298221281347033,390,390,1170,7.348468203223987,3.136835277056811,0.0001054643728165579,1.0957703265395573e-05,1.316049220240837e-05,0.0
0,2,0.25298221281347033,0.37132710668902225,390,390,1170,1.2059934524201876,1.2499773480570906,5.273218640827895e-05,2.410694718387026e-05,2.1934153670680615e-05,0.0
0,2,0.37132710668902225,0.5450336552463688,390,390,1170,1.0047827183896683,0.9000131933715035,7.909827961241843e-05,3.944773175542406e-05,4.240603042998253e-05,0.0
0,2,0.5450336552463688,0.7999999999999999,390,390,1170,0.48030745794241936,0.43696828699211043,0.0001318304660206974,8.98531667762437e-05,9.212344541685859e-05,0.0
0,2,0.7999999999999999,1.174239414097655,390,390,1170,0.5996202550187125,0.416213302178585,0.0002900270252455342,0.0001818978742055665,0.00018424689083371717,0.0
0,2,1.174239414097655,1.7235477520255065,390,390,1170,0.8652229576850192,0.4662091481803196,0.0007777997495221145,0.00041639272408503175,0.00040797525827465945,0.0
0,2,1.7235477520255065,2.529822128134703,390,390,1170,0.1777104086930278,0.22247234740435018,0.0009887284951552303,0.0008568923953539338,0.0008817529775613608,0.0
0,2,2.529822128134703,3.7132710668902216,390,390,1170,0.22078834514384107,0.1399143828161458,0.002412497528178762,0.0019263642340565418,0.0018483180159826866,0.0
0,2,3.7132710668902216,5.450336552463689,390,390,1170,0.10406636095456445,0.07364380287583717,0.004205391866060246,0.003925049309664694,0.004068054367455565,0.0
0,2,5.450336552463689,8.0,390,390,1170,-0.02670269314232427,0.08100319124533971,0.008226221079691516,0.008428665351742274,0.008406629963516191,0.0
1,0,0.08,0.11742394140976554,12792,10000,30000,0.2831036522623323,0.11993763334744433,2.5202520252025202e-06,2.0033333333333334e-06,2.073402446748225e-06,0.0
1,0,0.11742394140976554,0.17235477520255066,12792,10000,30000,0.2631139422952247,0.041237429267292784,5.28052805280528e-06,4.2033333333333335e-06,4.242363634343367e-06,0.0
1,0,0.17235477520255066,0.25298221281347033,12792,10000,30000,0.34853464836193515,0.09116627384191497,1.2281228122812281e-05,9.06e-06,8.962520972921319e-06,0.0
1,0,0.25298221281347033,0.37132710668902225,12792,10000,30000,0.09491467615704947,0.046316452871010695,2.1382138213821382e-05,1.9466666666666668e-05,1.939175750302788e-05,0.0
1,0,0.37132710668902225,0.5450336552463688,12792,10000,30000,0.10284158570951929,0.0188903417421333,4.6284628462846284e-05,4.175e-05,4.148138271275709e-05,0.0
1,0,0.5450336552463688,0.7999999999999999,12792,10000,30000,0.0604644116093392,0.02886864532294417,9.564956495649565e-05,9.006666666666667e-05,8.9920775136949e-05,0.0
1,0,0.7999999999999999,1.174239414097655,12792,10000,30000,0.05056047730055004,0.014600070751402917,0.00020326032603260326,0.00019329,0.00019308199162194295,0.0
1,0,1.174239414097655,1.7235477520255065,12792,10000,30000,0.04175060155383797,0.014512747296898925,0.0004255425542554255,0.0004112366666666667,0.00041422491860839804,0.0
1,0,1.7235477520255065,2.529822128134703,12792,10000,30000,0.01571718823123731,0.007528299436488988,0.0009018101810181018,0.0008866933333333333,0.0008854939609098081,0.0
1,0,2.529822128134703,3.7132710668902216,12792,10000,30000,0.0022770718850016873,0.0045489440038852386,0.0019042904290429044,0.00189667,0.001893360889807438,0.0
1,0,3.7132710668902216,5.450336552463689,12792,10000,30000,0.004108307528840887,0.004764122446103412,0.004053645364536454,0.00403258,0.004028063157660811,0.0
1,0,5.450336552463689,8.0,12792,10000,30000,0.0024461108600100285,0.00319812204071552,0.008532873287328734,0.008502873333333332,0.008493649788326278,0.0
1,1,0.08,0.11742394140976554,11991,10000,30000,0.643606068183961,0.16946976573088177,3.2203220322032203e-06,1.956666666666667e-06,1.944509261419825e-06,0.0
1,1,0.11742394140976554,0.17235477520255066,11991,10000,30000,0.2834057930279516,0.09688427036124464,5.700570057005701e-06,4.323333333333333e-06,4.111248152716202e-06,0.0
1,1,0.17235477520255066,0.25298221281347033,11991,10000,30000,0.3532858147914348,0.05155420274878918,1.214121412141214e-05,8.986666666666666e-06,9.018078380390458e-06,0.0
1,1,0.25298221281347033,0.37132710668902225,11991,10000,30000,0.37768315636059274,0.03603913950020308,2.7142714271427143e-05,1.957e-05,1.9278420391790837e-05,0.0
1,1,0.37132710668902225,0.5450336552463688,11991,10000,30000,0.34539722880912394,0.0403071235303782,5.680568056805681e-05,4.2006666666666665e-05,4.156360767581142e-05,0.0
1,1,0.5450336552463688,0.7999999999999999,11991,10000,30000,0.20118070688818326,0.018602684706909442,0.00010715071507150715,8.974e-05,9.054524039690211e-05,0.0
1,1,0.7999999999999999,1.174239414097655,11991,10000,30000,0.10583474137006786,0.02789855779572963,0.00021634163416341635,0.00019445666666666666,0.00019299754436258987,0.0
1,1,1.174239414097655,1.7235477520255065,11991,10000,30000,0.07888879798841206,0.02097387696532392,0.00044744474447444744,0.00041465666666666665,0.00041457381912730424,0.0
1,1,1.7235477520255065,2.529822128134703,11991,10000,30000,0.037120177379211014,0.010327796151218555,0.0009201120112011202,0.0008869833333333333,0.0008867717812815983,0.0
1,1,2.529822128134703,3.7132710668902216,11991,10000,30000,0.025762566117196465,0.005307517056704722,0.0019438143814381437,0.0018948233333333333,0.0018946431547718257,0.0
1,1,3.7132710668902216,5.450336552463689,11991,10000,30000,0.008091911891594951,0.006297691310701632,0.00407004700470047,0.00403275,0.0040280476015867196,0.0
1,1,5.450336552463689,8.0,11991,10000,30000,0.0041598256322740515,0.004511170144236148,0.00856069606960696,0.00851358,0.008501830061002033,0.0
1,2,0.08,0.11742394140976554,1461,1461,4383,46.621951796948984,9.356583157208087,9.845011392084611e-05,1.7177936720541362e-06,2.0826493131995294e-06,0.0
1,2,0.11742394140976554,0.17235477520255066,1461,1461,4383,9.357923450853905,2.039828737683946,5.344434755703075e-05,4.528728771779086e-06,5.3107557486588e-06,0.0
1,2,0.17235477520255066,0.25298221281347033,1461,1461,4383,1.1265122250038289,0.45228252250946754,2.2502883181907682e-05,1.0619088154516477e-05,9.99671670335774e-06,0.0
1,2,0.25298221281347033,0.37132710668902225,1461,1461,4383,1.5100995196365465,0.40276347185868194,4.6881006628974334e-05,1.8739567331499665e-05,1.8431446421815835e-05,0.0
1,2,0.37132710668902225,0.5450336552463688,1461,1461,4383,1.0222097031356967,0.2965682888196855,8.063533140183585e-05,3.982158057943679e-05,4.467282776812991e-05,0.0
1,2,0.5450336552463688,0.7999999999999999,1461,1461,4383,0.9295539424929591,0.4647717925465173,0.00017252210439462555,8.948143400791091e-05,9.142830484945934e-05,0.0
1,2,0.7999999999999999,1.174239414097655,1461,1461,4383,0.4054321621573233,0.1862524380326539,0.0002822236599064255,0.00019754627228622565,0.0001898334848981371,0.0
1,2,1.174239414097655,1.7235477520255065,1461,1461,4383,0.13899291483832552,0.1194022127226941,0.0005110029722558203,0.000431322374746684,0.0004084075303184277,0.0
1,2,1.7235477520255065,2.529822128134703,1461,1461,4383,0.08632899945317078,0.03971673489619039,0.0009460587137727021,0.0008835705996802093,0.000898663178645597,0.0
1,2,2.529822128134703,3.7132710668902216,1461,1461,4383,0.0811513045523384,0.08965505363282132,0.0020590138111445527,0.001902222247208312,0.0018995844385692906,0.0
1,2,3.7132710668902216,5.450336552463689,1461,1461,4383,0.03170322360304601,0.042926802400087755,0.0041695967295809775,0.0040263522042337995,0.004010245385031354,0.0
1,2,5.450336552463689,8.0,1461,1461,4383,-0.009485235190312543,0.01989334671318525,0.008528592725943012,0.00854852212744686,0.008487941408410343,0.0
2,0,0.08,0.11742394140976554,47449,10000,30000,0.17101893000079824,0.10060703499601989,2.3202320232023202e-06,1.9633333333333333e-06,1.9378423725235285e-06,0.0
2,0,0.11742394140976554,0.17235477520255066,47449,10000,30000,0.11583915223535028,0.1195164955289309,5.060506050605061e-06,4.39e-06,4.206806893563119e-06,0.0
2,0,0.17235477520255066,0.25298221281347033,47449,10000,30000,0.26606837296463703,0.025214143571332587,1.124112411241124e-05,8.886666666666667e-06,8.900296676555885e-06,0.0
2,0,0.25298221281347033,0.37132710668902225,47449,10000,30000,0.15993919682088126,0.04998624041240054,2.272227222722272e-05,1.9533333333333335e-05,1.945620409569208e-05,0.0
2,0,0.37132710668902225,0.5450336552463688,47449,10000,30000,0.07629836983858403,0.018048856652288517,4.482448244824482e-05,4.1656666666666664e-05,4.16680556018534e-05,0.0
2,0,0.5450336552463688,0.7999999999999999,47449,10000,30000,0.04782466097582651,0.03029785893043387,9.41094109410941e-05,8.963e-05,8.942742535862306e-05,0.0
2,0,0.7999999999999999,1.174239414097655,47449,10000,30000,0.01810307532605423,0.014246682761531237,0.00019745974597459745,0.00019327333333333334,0.00019257308576952565,0.0
2,0,1.174239414097655,1.7235477520255065,47449,10000,30000,0.025070836785647314,0.006946718487835454,0.00042506250625062506,0.00041393666666666664,0.00041316932786648446,0.0
2,0,1.7235477520255065,2.529822128134703,47449,10000,30000,0.005971320009522321,0.004926462762660766,0.0008897489748974898,0.00088645,0.0008884562818760626,0.0
2,0,2.529822128134703,3.7132710668902216,47449,10000,30000,0.003223048533024748,0.004445915124827937,0.0018977297729772977,0.0018941333333333333,0.001896649888329611,0.0
2,0,3.7132710668902216,5.450336552463689,47449,10000,30000,-0.0024886195592580275,0.002638114597176575,0.004007980798079808,0.004024923333333334,0.004031832172183517,0.0
2,0,5.450336552463689,8.0,47449,10000,30000,0.005472749125514272,0.0031748732088470563,0.008505390539053906,0.008481056666666667,0.00850325899752214,0.0
2,1,0.08,0.11742394140976554,28547,10000,30000,0.13858181505793613,0.20551065440824579,2.12021202120212e-06,1.8966666666666666e-06,1.9422869651210597e-06,0.0
2,1,0.11742394140976554,0.17235477520255066,28547,10000,30000,0.573198672435462,0.056546558240877405,6.260626062606261e-06,4.016666666666667e-06,4.153471782392747e-06,0.0
2,1,0.17235477520255066,0.25298221281347033,28547,10000,30000,0.5141516080290008,0.06646670903207309,1.3921392139213922e-05,9.123333333333333e-06,8.90251897285465e-06,0.0
2,1,0.25298221281347033,0.37132710668902225,28547,10000,30000,0.35765516148459425,0.05165442195891022,2.606260626062606e-05,1.941e-05,1.98606620220674e-05,0.0
2,1,0.37132710668902225,0.5450336552463688,28547,10000,30000,0.30107727239468973,0.028101401133049358,5.3985398539853983e-05,4.153e-05,4.159916441659166e-05,0.0
2,1,0.5450336552463688,0.7999999999999999,28547,10000,30000,0.15701498366978264,0.01908806172330903,0.00010441044104410441,8.987666666666667e-05,8.937631254375147e-05,0.0
2,1,0.7999999999999999,1.174239414097655,28547,10000,30000,0.11263935767437096,0.014298767073134686,0.00021416141614161415,0.00019251666666666667,0.00019256197428803182,0.0
2,1,1.174239414097655,1.7235477520255065,28547,10000,30000,0.06545084669865148,0.010428878755586036,0.0004408440844084408,0.00041453333333333334,0.0004154116248319388,0.0
2,1,1.7235477520255065,2.529822128134703,28547,10000,30000,0.024052372475663976,0.012532096496247163,0.0009127312731273127,0.0008888766666666667,0.0008863406557996378,0.0
2,1,2.529822128134703,3.7132710668902216,28547,10000,30000,0.0016208888776712389,0.006435631554345144,0.0019196319631963196,0.0019041,0.0018916341655832972,0.0
2,1,3.7132710668902216,5.450336552463689,28547,10000,30000,0.0005512332638388106,0.004585993492488759,0.0040263826382638266,0.00402274,0.00402131404380146,0.0
2,1,5.450336552463689,8.0,28547,10000,30000,0.0014592133522253789,0.0036877774085018124,0.00850965096509651,0.008491576666666667,0.008485885085058391,0.0
2,2,0.08,0.11742394140976554,2463,2463,7389,31.903636965024695,4.819985600491992,6.728336488065613e-05,1.373693775194574e-06,2.0882971607291982e-06,0.0
2,2,0.11742394140976554,0.17235477520255066,2463,2463,7389,7.055512716358946,2.488864375547846,3.298204160816477e-05,3.956238072560374e-06,4.139957529164902e-06,0.0
2,2,0.17235477520255066,0.25298221281347033,2463,2463,7389,1.8726921834740455,0.49759495181571795,2.14383270453071e-05,6.9783643779884364e-06,8.57300939667776e-06,0.0
2,2,0.25298221281347033,0.37132710668902225,2463,2463,7389,1.76638261322478,0.5259447040382828,5.442036865347187e-05,1.9671294860786302e-05,1.967395746160666e-05,0.0
2,2,0.37132710668902225,0.5450336552463688,2463,2463,7389,1.3898708036885292,0.6172528286344354,9.795666357624936e-05,4.110091775382166e-05,4.041038189972466e-05,0.0
2,2,0.5450336552463688,0.7999999999999999,2463,2463,7389,0.4739363658055809,0.19334111325815664,0.00013588601142563886,9.209243068904424e-05,9.181180148749773e-05,0.0
2,2,0.7999999999999999,1.174239414097655,2463,2463,7389,0.7373534698214308,0.17485755528538688,0.0003199258035991983,0.0001851739208962286,0.00019197679161791226,0.0
2,2,1.174239414097655,1.7235477520255065,2463,2463,7389,0.1365236154119507,0.07779360176156451,0.00044492774129414273,0.0003974370830392942,0.0004052761963506384,0.0
2,2,1.7235477520255065,2.529822128134703,2463,2463,7389,0.031055281982127925,0.048751396593187245,0.000899750095070735,0.0008786145386144496,0.0008849617178493646,0.0
2,2,2.529822128134703,3.7132710668902216,2463,2463,7389,0.02912026806926449,0.02303910901307807,0.0019535263244515994,0.0018992690135840181,0.0019003504162635704,0.0
2,2,3.7132710668902216,5.450336552463689,2463,2463,7389,-0.012321410379436138,0.03870203255285544,0.0039426732538400166,0.004000580907623654,0.004009090907092539,0.0
2,2,5.450336552463689,8.0,2463,2463,7389,-0.008543693893540535,0.021501398089882513,0.008465830439983734,0.008502834781948366,0.008467495434872496,0.0
