zbin,massbin,n_sample,lower,upper,count,expected,sigma,ratio,pull
0,0,945,0.2,0.24000000000000002,0,1.4857529564118962e-10,1.2189146633010448e-05,0.0,-1.2189146633023548e-05
0,0,945,0.24000000000000002,0.28,0,3.5628882575479132e-09,5.968993430612308e-05,0.0,-5.968993430744029e-05
0,0,945,0.28,0.32,0,7.022085063875845e-08,0.0002649921708518976,0.0,-0.00026499217094985207
0,0,945,0.32,0.36,0,1.138297733371356e-06,0.0010669103653150093,0.0,-0.0010669103707088546
0,0,945,0.36,0.4,0,1.5183938362464862e-05,0.0038966572217858783,0.0,-0.003896657442069258
0,0,945,0.4,0.44,0,0.00016667408633340037,0.012910228503253626,0.0,-0.012910235189980974
0,0,945,0.44,0.48000000000000004,0,0.0015046295206592756,0.038789478626188874,0.0,-0.038789629918960004
0,0,945,0.48000000000000004,0.52,0,0.011153793829384449,0.10561024323894729,0.0,-0.10561280314588951
0,0,945,0.52,0.56,0,0.06773344950790941,0.260240261943606,0.0,-0.26027275334739414
0,0,945,0.56,0.6000000000000001,1,0.3358605733866385,0.5793798704047259,2.9774259893518744,1.1462935813586805
0,0,945,0.6000000000000001,0.64,2,1.3545271003103525,1.1627325472876444,1.4765300742537784,0.5551344556367408
0,0,945,0.64,0.6799999999999999,6,4.423844347183869,2.097359160213712,1.356286417224304,0.7514953483958977
0,0,945,0.6799999999999999,0.72,15,11.647215817158056,3.3892229098181237,1.287861428471412,0.9892486484525342
0,0,945,0.72,0.76,31,24.609090934334564,4.891800617528292,1.2596970803480128,1.306453301217049
0,0,945,0.76,0.8,34,41.56875954817173,6.300311077179854,0.8179219291015718,-1.2013310859500694
0,0,945,0.8,0.8400000000000001,63,56.32878767226766,7.276355151669073,1.118433444130678,0.9168343475101098
0,0,945,0.8400000000000001,0.8800000000000001,55,65.02135265191346,7.780764351685827,0.8458759739194913,-1.2879650634506332
0,0,945,0.8800000000000001,0.9199999999999999,79,82.83403278382855,8.692810133367127,0.9537142807735294,-0.4410579231578649
0,0,945,0.9199999999999999,0.96,142,139.15627061009462,10.891653966969836,1.0204355102176697,0.2610925207988893
0,0,945,0.96,1.0,214,204.50910112315083,12.657970734194647,1.0464081980935116,0.7497962411313019
0,0,945,1.0,1.04,181,186.78305836008855,12.233365927386119,0.9690386354583631,-0.4727283066994957
0,0,945,1.04,1.08,92,95.45269986340969,9.257323157888024,0.9638281591997878,-0.37296957279358867
0,0,945,1.08,1.12,26,26.55088970875142,5.078963481034649,0.9792515537221398,-0.10846498715899346
0,0,945,1.12,1.16,3,3.997986728640735,1.9952363256734231,0.750377678472175,-0.5001847228818366
0,0,945,1.16,1.2,1,0.32959585266354186,0.5740041759405887,3.0340187593950714,1.1679429792264213
0,0,945,1.2,1.24,0,0.015770541236555746,0.12557975465650703,0.0,-0.12558187647118946
0,0,945,1.24,1.28,0,0.0005553432386408153,0.02356571407801413,0.0,-0.023565729296483668
0,0,945,1.28,1.32,0,2.4051135407154867e-05,0.004904195609114444,0.0,-0.004904195779315133
0,0,945,1.32,1.3599999999999999,0,1.3695958123172147e-06,0.0011702973165355203,0.0,-0.0011702973192929179
0,0,945,1.3599999999999999,1.4,0,7.297229731584309e-08,0.0002701338507210218,0.0,-0.00027013385075980184
0,1,1949,0.2,0.24000000000000002,0,1.632402114978418e-10,1.2776549279742139e-05,0.0,-1.2776549279754851e-05
0,1,1949,0.24000000000000002,0.28,0,3.967745918821207e-09,6.299004618779231e-05,0.0,-6.29900461890782e-05
0,1,1949,0.28,0.32,0,7.936236393920776e-08,0.0002817132654173586,0.0,-0.0002817132655135437
0,1,1949,0.32,0.36,0,1.3079995844658245e-06,0.0011436780921110703,0.0,-0.0011436780974368756
0,1,1949,0.36,0.4,0,1.7783432473787748e-05,0.00421704061540893,0.0,-0.004217040833993314
0,1,1949,0.4,0.44,0,0.00019958530268821247,0.014127462919185922,0.0,-0.014127469583881473
0,1,1949,0.44,0.48000000000000004,0,0.0018488386488117667,0.04299804804234389,0.0,-0.04299819952270986
0,1,1949,0.48000000000000004,0.52,0,0.01412023579446891,0.11882730933856427,0.0,-0.11882988744815685
0,1,1949,0.52,0.56,0,0.0887171767354035,0.2978377826493132,0.0,-0.2978707937799243
0,1,1949,0.56,0.6000000000000001,0,0.4571282868184721,0.6759531189406714,0.0,-0.676272176293626
0,1,1949,0.6000000000000001,0.64,2,1.9243295586120268,1.3860383909561635,1.0393230156702224,0.054594765831682095
0,1,1949,0.64,0.6799999999999999,9,6.5902791132161465,2.5607686277558654,1.3656477738479087,0.9410146862411451
0,1,1949,0.6799999999999999,0.72,20,18.280713243305243,4.249408792621151,1.0940492164508075,0.404594342554239
0,1,1949,0.72,0.76,37,40.886039603175576,6.314546797269265,0.9049543648420829,-0.6154106902582619
0,1,1949,0.76,0.8,72,73.41432748335227,8.389584261226139,0.980734993674457,-0.1685813550844011
0,1,1949,0.8,0.8400000000000001,113,105.94174979554342,9.997140713336277,1.0666238779147812,0.7060268937738181
0,1,1949,0.8400000000000001,0.8800000000000001,125,128.81969484792083,10.962641377839528,0.9703485181172785,-0.34842833184730143
0,1,1949,0.8800000000000001,0.9199999999999999,153,165.76801045608386,12.312819352853918,0.922976632095935,-1.036968876922931
0,1,1949,0.9199999999999999,0.96,275,279.47541483970156,15.467076461978692,0.9839863737485871,-0.2893510516161902
0,1,1949,0.96,1.0,446,428.68657703111575,18.28165801508049,1.040387135722301,0.9470378974709218
0,1,1949,1.0,1.04,414,411.4399522143189,17.98313008029965,1.0062221662527016,0.14235829770733857
0,1,1949,1.04,1.08,203,217.04246313157364,13.860600452592035,0.9353008488340785,-1.0131208369798723
0,1,1949,1.08,1.12,66,60.568407366495855,7.65648177427953,1.0896769928361811,0.7094110315459159
0,1,1949,1.12,1.16,13,8.8734740413088,2.9719246805042836,1.4650406300261802,1.3885028734950984
0,1,1949,1.16,1.2,1,0.6942172026895034,0.8330480916964549,1.4404713627461945,0.3670649994381326
0,1,1949,1.2,1.24,0,0.03121846181331811,0.17668602788440443,0.0,-0.17668891075950027
0,1,1949,1.24,1.28,0,0.001051612547214753,0.03242856621752544,0.0,-0.03242858596216405
0,1,1949,1.28,1.32,0,4.420163138685318e-05,0.006648430636802475,0.0,-0.006648430855572813
0,1,1949,1.32,1.3599999999999999,0,2.3742029841011814e-06,0.0015408448912673876,0.0,-0.0015408448946138463
0,1,1949,1.3599999999999999,1.4,0,1.1808664079904219e-07,0.0003436373681423962,0.0,-0.00034363736818665634
0,2,390,0.2,0.24000000000000002,0,7.470653979738825e-12,2.733249710461071e-06,0.0,-2.733249710462277e-06
0,2,390,0.24000000000000002,0.28,0,1.9815790379267868e-10,1.407685702814215e-05,0.0,-1.4076857028278803e-05
0,2,390,0.28,0.32,0,4.311843574344743e-09,6.56646295473931e-05,0.0,-6.566462955878999e-05
0,2,390,0.32,0.36,0,7.70464642412877e-08,0.0002775724482844553,0.0,-0.0002775724489857536
0,2,390,0.36,0.4,0,1.1315800488092285e-06,0.0010637574981512497,0.0,-0.0010637575300534666
0,2,390,0.4,0.44,0,1.367034148864241e-05,0.0036973419524972888,0.0,-0.0036973430275793334
0,2,390,0.44,0.48000000000000004,0,0.0001358951571367564,0.011657394372107876,0.0,-0.011657421272622178
0,2,390,0.48000000000000004,0.52,0,0.0011115120886159202,0.03333909693610314,0.0,-0.03333959797250105
0,2,390,0.52,0.56,0,0.007474821279440904,0.08645356675307905,0.0,-0.08646053089735234
0,2,390,0.56,0.6000000000000001,0,0.04127302265766819,0.2031214380243173,0.0,-0.20319382857424956
0,2,390,0.6000000000000001,0.64,0,0.18673681571764528,0.43184891768947015,0.0,-0.43241237402364463
0,2,390,0.64,0.6799999999999999,1,0.6904885733261039,0.8293157421836431,1.4482498894702491,0.37321301276511654
0,2,390,0.6799999999999999,0.72,1,2.0801567299792607,1.4351278069338378,0.48073300707969735,-0.7526554253638388
0,2,390,0.72,0.76,10,5.08784576906323,2.232385100397922,1.9654683836536957,2.200406296414172
0,2,390,0.76,0.8,11,10.068885855203728,3.116826488716969,1.092474396689586,0.298737882319385
0,2,390,0.8,0.8400000000000001,15,16.140666926837895,3.915335235224869,0.9293296285705982,-0.29133314475238875
0,2,390,0.8400000000000001,0.8800000000000001,17,21.812577411339454,4.523577202880669,0.7793668615778714,-1.0638875375609256
0,2,390,0.8800000000000001,0.9199999999999999,38,30.215349476151612,5.273492207981588,1.25763893712342,1.476185081314065
0,2,390,0.9199999999999999,0.96,51,53.3734445654479,6.778616237118098,0.9555313586227788,-0.35013703127955187
0,2,390,0.96,1.0,83,88.48163199617562,8.26123543288413,0.9380477973506123,-0.6635365909505253
0,2,390,1.0,1.04,97,92.78740248046424,8.377884908542555,1.04540053290556,0.502823512798602
0,2,390,1.04,1.08,42,52.09632698009286,6.684154265570901,0.8061988711036983,-1.5104868288419917
0,2,390,1.08,1.12,19,14.713478054353123,3.7568185552039344,1.2913330165588326,1.1409978636602502
0,2,390,1.12,1.16,4,2.060889789030564,1.4316099388686838,1.9409092234289673,1.354496192239207
0,2,390,1.16,1.2,1,0.14784452826577332,0.38443174472117037,6.763862090332798,2.216662602492148
0,2,390,1.2,1.24,0,0.006063224698340086,0.07786608265761219,0.0,-0.07786733955785234
0,2,390,1.24,1.28,0,0.00019276539420054473,0.013883993698241566,0.0,-0.013884001850631697
0,2,390,1.28,1.32,0,7.552168653557345e-06,0.0027481208886669163,0.0,-0.0027481209741179982
0,2,390,1.32,1.3599999999999999,0,3.5568242839900677e-07,0.0005963911700710978,0.0,-0.0005963911711781458
0,2,390,1.3599999999999999,1.4,0,1.536187910211595e-08,0.00012394304781053987,0.0,-0.00012394304782304704
1,0,12792,0.2,0.24000000000000002,0,1.1679788071319307e-05,0.003417570485101972,0.0,-0.0034175704999309794
1,0,12792,0.24000000000000002,0.28,0,0.0001021168208301598,0.010105286610667048,0.0,-0.010105286941823721
1,0,12792,0.28,0.32,0,0.0007799038916166173,0.027926756406509656,0.0,-0.027926762430413282
1,0,12792,0.32,0.36,0,0.005203229462259679,0.07213336965552077,0.0,-0.07213345899558217
1,0,12792,0.36,0.4,0,0.03031904114749016,0.17412309681304153,0.0,-0.17412417825329715
1,0,12792,0.4,0.44,0,0.15423078186360453,0.3927169220683479,0.0,-0.3927276193022373
1,0,12792,0.44,0.48000000000000004,0,0.6843550362511182,0.8272142506708545,0.0,-0.8273008301006899
1,0,12792,0.48000000000000004,0.52,5,2.645373754691286,1.626173484426713,1.8900920866599804,1.4479551338514216
1,0,12792,0.52,0.56,8,8.891903094587676,2.9803691275503694,0.8996949151267113,-0.2992592717267711
1,0,12792,0.56,0.6000000000000001,24,25.927675982911147,5.084967208947903,0.9256518021830544,-0.3790931000536363
1,0,12792,0.6000000000000001,0.64,62,65.39060797672904,8.061052909405854,0.9481483949814983,-0.4206160181349003
1,0,12792,0.64,0.6799999999999999,149,142.1585712249367,11.847336273940721,1.048125334379157,0.5774655683667584
1,0,12792,0.6799999999999999,0.72,249,265.42108116036746,16.108500289277675,0.9381319634123341,-1.0194047158628325
1,0,12792,0.72,0.76,434,424.1582679753843,20.23716120180301,1.0232029710786796,0.48631979191522384
1,0,12792,0.76,0.8,583,580.7344531739108,23.535311679184666,1.0039011751648403,0.0962616028617523
1,0,12792,0.8,0.8400000000000001,696,702.6586912307567,25.763886027297843,0.9905235766470154,-0.2584505778243857
1,0,12792,0.8400000000000001,0.8800000000000001,881,867.1411948406217,28.428050532199226,1.015982178267895,0.48750459141336705
1,0,12792,0.8800000000000001,0.9199999999999999,1366,1335.9208924088719,34.57788866210018,1.022515635291017,0.8698942808528674
1,0,12792,0.9199999999999999,0.96,2252,2181.4050767259428,42.53055336033947,1.0323621339416762,1.659863737862586
1,0,12792,0.96,1.0,2606,2689.59595869044,46.071135813647736,0.9689187669916255,-1.8144974551653288
1,0,12792,1.0,1.04,2089,2125.1642597981495,42.04624702553011,0.9829828402056863,-0.860106724297911
1,0,12792,1.04,1.08,1025,1021.0470185775673,30.6270472418757,1.0038714979335033,0.12906831635495894
1,0,12792,1.08,1.12,306,294.6060819359608,16.962042801198383,1.0386750945166026,0.6717302979116538
1,0,12792,1.12,1.16,52,51.7356814989343,7.178063602820485,1.0051090174789936,0.03682309264602268
1,0,12792,1.16,1.2,5,5.908462773227676,2.430161997535893,0.8462438017983144,-0.3738280716054436
1,0,12792,1.2,1.24,0,0.5449520536954183,0.738191588292781,0.0,-0.7382257700277125
1,0,12792,1.24,1.28,0,0.059435816013699405,0.2437939140535762,0.0,-0.2437953229654362
1,0,12792,1.28,1.32,0,0.008118691629047325,0.09010374279152736,0.0,-0.09010382229994049
1,0,12792,1.32,1.3599999999999999,0,0.0010927709102658278,0.03305708348602253,0.0,-0.03305708777145698
1,0,12792,1.3599999999999999,1.4,0,0.00013003748400886028,0.011403397818844982,0.0,-0.011403398011245687
1,1,11991,0.2,0.24000000000000002,0,5.170605920700872e-06,0.002273896633910415,0.0,-0.0022738966422624902
1,1,11991,0.24000000000000002,0.28,0,4.6348104362996866e-05,0.0068079441153483305,0.0,-0.006807944304141141
1,1,11991,0.28,0.32,0,0.0003635517790351214,0.019067032089607826,0.0,-0.01906703556833417
1,1,11991,0.32,0.36,0,0.002496176093436643,0.049961720147281695,0.0,-0.04996177245455498
1,1,11991,0.36,0.4,0,0.015004777418968995,0.1224936680244662,0.0,-0.12249431061181076
1,1,11991,0.4,0.44,0,0.07895809593673658,0.28099160335210005,0.0,-0.2809980618452757
1,1,11991,0.44,0.48000000000000004,0,0.36356667181358615,0.6029383048930638,0.0,-0.6029914982397209
1,1,11991,0.48000000000000004,0.52,2,1.4634447232044756,1.209549376756716,1.366638567407343,0.4435993164944146
1,1,11991,0.52,0.56,8,5.141362170772218,2.2664574373541555,1.556007869952959,1.2612801732402854
1,1,11991,0.56,0.6000000000000001,18,15.728220914483433,3.961305453192453,1.1444396729845385,0.573492529763318
1,1,11991,0.6000000000000001,0.64,37,41.76902834792541,6.445647345572208,0.8858238140422943,-0.7398835357012611
1,1,11991,0.64,0.6799999999999999,104,95.9390051543584,9.74143339887643,1.0840220808280436,0.827495761206082
1,1,11991,0.6799999999999999,0.72,209,189.7946988280244,13.64131494218725,1.1011898714272192,1.4078775582389877
1,1,11991,0.72,0.76,331,322.03489892584383,17.666791139476636,1.0278389115715703,0.5074549760269453
1,1,11991,0.76,0.8,463,468.2652905404037,21.174530170203035,0.9887557531024191,-0.24866150502895615
1,1,11991,0.8,0.8400000000000001,623,597.8101378457309,23.80123044511165,1.0421368935713324,1.0583428538436201
1,1,11991,0.8400000000000001,0.8800000000000001,740,759.8965928277179,26.659485349172535,0.9738167100425087,-0.7463232154380444
1,1,11991,0.8800000000000001,0.9199999999999999,1188,1187.0445049376663,32.68341601757546,1.000804936174136,0.029234859104688534
1,1,11991,0.9199999999999999,0.96,2020,2020.8401121705983,40.96696097837807,0.999584275784344,-0.020507065951065637
1,1,11991,0.96,1.0,2676,2640.8924348115443,45.338657490934416,1.0132938262557298,0.774340642871386
1,1,11991,1.0,1.04,2150,2191.934288022229,42.21360787867982,0.980868820634187,-0.9933831797259859
1,1,11991,1.04,1.08,1073,1081.337722063428,31.304309625945837,0.9922894375241827,-0.2663442242635306
1,1,11991,1.08,1.12,306,311.25026600689705,17.40289855235521,0.983131689896192,-0.30168916925545763
1,1,11991,1.12,1.16,35,53.03144981222541,7.265766571352774,0.6599857277884831,-2.481699575006885
1,1,11991,1.16,1.2,8,5.784971105421958,2.4045998427037745,1.3828936833413064,0.9211632036403299
1,1,11991,1.2,1.24,0,0.5168860153241495,0.718930397286157,0.0,-0.7189653091249284
1,1,11991,1.24,1.28,0,0.055815477760587706,0.2362522477198764,0.0,-0.2362537427655205
1,1,11991,1.28,1.32,0,0.007372755555431931,0.08586471058841938,0.0,-0.08586479247303605
1,1,11991,1.32,1.3599999999999999,0,0.0009389771207881648,0.03064273153183581,0.0,-0.030642735612934128
1,1,11991,1.3599999999999999,1.4,0,0.00010508922254837127,0.010251303371714317,0.0,-0.01025130354041969
1,2,1461,0.2,0.24000000000000002,0,1.8158348131195222e-07,0.0004261261324169112,0.0,-0.0004261261337858892
1,2,1461,0.24000000000000002,0.28,0,1.645648428763173e-06,0.0012828282777236763,0.0,-0.0012828283078412533
1,2,1461,0.28,0.32,0,1.3133268290789097e-05,0.0036239848687194486,0.0,-0.003623985410134948
1,2,1461,0.32,0.36,0,9.234617127268307e-05,0.00960968753902255,0.0,-0.009609695517953966
1,2,1461,0.36,0.4,0,0.000572242215437076,0.023921536346157474,0.0,-0.023921633090635313
1,2,1461,0.4,0.44,0,0.003124647762118223,0.05589806453579721,0.0,-0.05589903314303832
1,2,1461,0.44,0.48000000000000004,0,0.015025831075401947,0.12257587994474115,0.0,-0.12258391359030663
1,2,1461,0.48000000000000004,0.52,0,0.06356667490663664,0.25209665990830327,0.0,-0.25215199173903435
1,2,1461,0.52,0.56,0,0.2361926169834261,0.4858381044066867,0.0,-0.48615498628265963
1,2,1461,0.56,0.6000000000000001,1,0.7690901679831793,0.8762237126530575,1.3002376595482246,0.26352839883511564
1,2,1461,0.6000000000000001,0.64,1,2.1883519632471566,1.4763276713158102,0.4569648835263974,-0.8049378104442161
1,2,1461,0.64,0.6799999999999999,10,5.422094581675016,2.3187891634295017,1.844305710526864,1.9742654875763854
1,2,1461,0.6799999999999999,0.72,12,11.650742905080381,3.3870097998600723,1.029977238169707,0.10311664729580865
1,2,1461,0.72,0.76,14,21.620620127660334,4.591489458662451,0.6475299930037207,-1.659727240205905
1,2,1461,0.76,0.8,35,34.6589752863554,5.781266869280222,1.0098394343983637,0.05898788645386621
1,2,1461,0.8,0.8400000000000001,42,49.531840556015695,6.877157259602731,0.8479394169191449,-1.0951967901415682
1,2,1461,0.8400000000000001,0.8800000000000001,82,72.69972258493341,8.285973697456246,1.1279272751584615,1.1224121334010182
1,2,1461,0.8800000000000001,0.9199999999999999,138,131.97648128799193,10.941321487569489,1.0456408494394078,0.550529359625474
1,2,1461,0.9199999999999999,0.96,240,250.21112571762959,14.363833669354777,0.9591899613242892,-0.7108913924153138
1,2,1461,0.96,1.0,340,353.8317640429318,16.343141765664974,0.9609086423307842,-0.8463344588976597
1,2,1461,1.0,1.04,331,312.09101785666473,15.607619028313644,1.0605880370194432,1.211522533259727
1,2,1461,1.04,1.08,166,159.55116060004698,11.88153912118768,1.040418630461226,0.5427612815290204
1,2,1461,1.08,1.12,39,46.02488152113532,6.670022606959006,0.8473677435126175,-1.0532020556880992
1,2,1461,1.12,1.16,9,7.595866595805705,2.7485956668974976,1.1848549321508135,0.5108548416578212
1,2,1461,1.16,1.2,1,0.7841622183945317,0.8852794976132903,1.275246341308521,0.24380750055475817
1,2,1461,1.2,1.24,0,0.06595152113777858,0.2568030255356234,0.0,-0.25681753943599805
1,2,1461,1.24,1.28,0,0.006655195888740417,0.08157904662394481,0.0,-0.08157972131519133
1,2,1461,1.28,1.32,0,0.0008036503013690854,0.02834870943282592,0.0,-0.028348743821068334
1,2,1461,1.32,1.3599999999999999,0,9.219336892551944e-05,0.009601737084421262,0.0,-0.009601738530739652
1,2,1461,1.3599999999999999,1.4,0,9.223841152872225e-06,0.003037077707563576,0.0,-0.003037077757312912
2,0,47449,0.2,0.24000000000000002,0,0.008139368635964272,0.09021842578456425,0.0,-0.09021847327951117
2,0,47449,0.24000000000000002,0.28,0,0.03889314350661689,0.19721322795924845,0.0,-0.1972136651738881
2,0,47449,0.28,0.32,0,0.16821710983523525,0.41014105729034317,0.0,-0.41014452673084273
2,0,47449,0.32,0.36,0,0.6582394369160361,0.8113076904070474,0.0,-0.8113314402157161
2,0,47449,0.36,0.4,3,2.3287189659391423,1.5259439031395485,1.2882619345139137,0.4399119998315355
2,0,47449,0.4,0.44,5,7.441483032207545,2.727549941025949,0.6719090775802966,-0.8951194606868309
2,0,47449,0.44,0.48000000000000004,27,21.452623146119183,4.630117252110334,1.2585873445916729,1.1981072080523254
2,0,47449,0.48000000000000004,0.52,60,55.70957787239845,7.457860305005429,1.0770140843182956,0.5752886152509434
2,0,47449,0.52,0.56,121,130.09171891036368,11.38594665024701,0.9301130080645018,-0.7985035579071893
2,0,47449,0.56,0.6000000000000001,251,272.64207215206875,16.455624985943125,0.9206209372557964,-1.3151777687299047
2,0,47449,0.6000000000000001,0.64,542,511.74281762125787,22.4845684303358,1.059125758753952,1.3456865971205234
2,0,47449,0.64,0.6799999999999999,849,858.4391111111904,29.012680997375536,0.9890043324109824,-0.3253443248503738
2,0,47449,0.6799999999999999,0.72,1295,1284.9368242645846,35.33551424199439,1.00783165019897,0.28478928215103827
2,0,47449,0.72,0.76,1718,1720.4464336515737,40.70042042514278,0.99857802393395,-0.06010831401786652
2,0,47449,0.76,0.8,2104,2110.25715815459,44.89019984118221,0.9970348835778565,-0.1393880663647565
2,0,47449,0.8,0.8400000000000001,2522,2601.815203684977,49.57864575049947,0.9693232618627434,-1.609870589984255
2,0,47449,0.8400000000000001,0.8800000000000001,3803,3745.1687758548483,58.713638948044625,1.0154415535337127,0.9849708718672039
2,0,47449,0.8800000000000001,0.9199999999999999,5985,6040.609844347229,72.58442697169981,0.9907940016355685,-0.7661401579833528
2,0,47449,0.9199999999999999,0.96,8707,8546.821855492055,83.70218393999816,1.018741252270868,1.9136674453174196
2,0,47449,0.96,1.0,8733,8903.485861219515,84.98264566771827,0.9808517850337595,-2.006125602233116
2,0,47449,1.0,1.04,6345,6357.664337881345,74.11383462882438,0.998008020365925,-0.17087684026565902
2,0,47449,1.04,1.08,3071,3040.5341848900916,53.310701624819835,1.0100198890251944,0.57147653625561
2,0,47449,1.08,1.12,1040,975.4911109801219,30.905127002465832,1.0661296533548759,2.087319978161912
2,0,47449,1.12,1.16,236,216.68456679117534,14.686101134430416,1.08914078881972,1.3152185887880845
2,0,47449,1.16,1.2,27,36.83524894465847,6.066772188242303,0.7329935530112742,-1.6211666829553373
2,0,47449,1.2,1.24,5,6.015668537968761,2.4525163886107104,0.831162815644143,-0.4141332317636874
2,0,47449,1.24,1.28,0,1.1790340634617218,1.0858175400653864,0.0,-1.0858491596946591
2,0,47449,1.28,1.32,0,0.2611366599498606,0.5110135684868276,0.0,-0.51101707675418
2,0,47449,1.32,1.3599999999999999,0,0.05604806220040348,0.23674453400555692,0.0,-0.23674490494926445
2,0,47449,1.3599999999999999,1.4,0,0.01095713961009237,0.10467633934447296,0.0,-0.10467637365531278
2,1,28547,0.2,0.24000000000000002,0,0.0022758644560116597,0.04770601073076235,0.0,-0.04770603161215721
2,1,28547,0.24000000000000002,0.28,0,0.011199847451085848,0.10582923467704405,0.0,-0.1058294287515552
2,1,28547,0.28,0.32,0,0.050010179649678244,0.2236287803815911,0.0,-0.22363033758151746
2,1,28547,0.32,0.36,2,0.20254995101129908,0.45005009818476177,9.874107547369546,3.9938888053542496
2,1,28547,0.36,0.4,0,0.7436337585123016,0.8623096150723181,0.0,-0.8623744250491007
2,1,28547,0.4,0.44,3,2.4724511028450227,1.5722344780702788,1.2133708110740522,0.3355408525339538
2,1,28547,0.44,0.48000000000000004,7,7.435010821393326,2.7259618446857385,0.9414915684935339,-0.15958067140278553
2,1,28547,0.48000000000000004,0.52,17,20.189354980993294,4.490284428881622,0.8420278912329877,-0.7102790550369777
2,1,28547,0.52,0.56,47,49.410834140030964,7.019202601063274,0.9512083901842534,-0.3434626804568612
2,1,28547,0.56,0.6000000000000001,124,108.7531500910926,10.398873403615013,1.140196857710664,1.4662020891231402
2,1,28547,0.6000000000000001,0.64,205,214.7604446103546,14.579640130377728,0.9545519444790533,-0.6694571692491922
2,1,28547,0.64,0.6799999999999999,372,379.5631583231453,19.318584322776665,0.9800740452351641,-0.3914965091012538
2,1,28547,0.6799999999999999,0.72,650,599.1130071227672,24.170312069723455,1.0849372193096207,2.1053510906454367
2,1,28547,0.72,0.76,827,845.6515434360244,28.588135492590723,0.9779441738375595,-0.6524225212539103
2,1,28547,0.76,0.8,1073,1089.402100306487,32.31163796723344,0.9849439428271044,-0.5076220624630676
2,1,28547,0.8,0.8400000000000001,1379,1395.9118321809644,36.39168603396193,0.9878847418647198,-0.4647169181769087
2,1,28547,0.8400000000000001,0.8800000000000001,2194,2074.7635458903887,43.829740775606965,1.0574699002909465,2.7204462540643455
2,1,28547,0.8800000000000001,0.9199999999999999,3550,3505.3426749528617,55.40942980413331,1.0127397887134497,0.8059517162511404
2,1,28547,0.9199999999999999,0.96,5255,5256.95345480355,65.45122788005013,0.9996284055355741,-0.02984596113505956
2,1,28547,0.96,1.0,5731,5779.919088330677,67.79046698582543,0.991536371429586,-0.7216219404552272
2,1,28547,1.0,1.04,4276,4290.497047406294,60.23057172673961,0.9966211263529344,-0.24069250864935482
2,1,28547,1.04,1.08,1985,2088.001382032707,43.9255334420103,0.9506698688425036,-2.344909075917945
2,1,28547,1.08,1.12,675,665.6463347225847,25.48675599307889,1.0140520044796966,0.36700101338731994
2,1,28547,1.12,1.16,140,143.87990170608273,11.96382178202514,0.9730337478683535,-0.3243028671583885
2,1,28547,1.16,1.2,31,23.612298721790264,4.857133092063301,1.3128751404196028,1.5210003798910634
2,1,28547,1.2,1.24,2,3.779300539797352,1.9438941550486826,0.5291984532426842,-0.9153278923012098
2,1,28547,1.24,1.28,2,0.733694102466488,0.8565451198937638,2.725931683621992,1.4783878491895095
2,1,28547,1.28,1.32,0,0.15833992518286488,0.39791793367867034,0.0,-0.3979210580408993
2,1,28547,1.32,1.3599999999999999,0,0.03261407457985188,0.18059351685868866,0.0,-0.18059382832314982
2,1,28547,1.3599999999999999,1.4,0,0.006074152369444974,0.07793683519229683,0.0,-0.07793686200444197
2,2,2463,0.2,0.24000000000000002,0,4.2446580927860964e-05,0.006515103190980698,0.0,-0.006515104931357444
2,2,2463,0.24000000000000002,0.28,0,0.00021704108021535523,0.014732305783447683,0.0,-0.01473232251662936
2,2,2463,0.28,0.32,0,0.0010108246284857303,0.03179339899827243,0.0,-0.03179353766298016
2,2,2463,0.32,0.36,0,0.004288153226914713,0.06548349573745764,0.0,-0.06548448855123992
2,2,2463,0.36,0.4,0,0.016564931154754853,0.12870174241557583,0.0,-0.1287079012595413
2,2,2463,0.4,0.44,0,0.05822639796931491,0.24128486861122517,0.0,-0.24131806650144028
2,2,2463,0.44,0.48000000000000004,0,0.18602362926320118,0.4312266317591077,0.0,-0.4313825157420192
2,2,2463,0.48000000000000004,0.52,0,0.5393539109710443,0.7340878971833921,0.0,-0.7347266084081772
2,2,2463,0.52,0.56,2,1.4165333033859178,1.189040295505207,1.4118976202108562,0.4907038885222768
2,2,2463,0.56,0.6000000000000001,1,3.36264154210976,1.8301906105246737,0.29738525129044485,-1.2909264906743485
2,2,2463,0.6000000000000001,0.64,7,7.197108478384445,2.673084929402681,0.9726128237504779,-0.07373820270966484
2,2,2463,0.64,0.6799999999999999,12,13.850930742001884,3.698956407818295,0.8663677714892416,-0.5003926886214897
2,2,2463,0.6799999999999999,0.72,20,23.91603129975571,4.844150784530345,0.8362591497446439,-0.8084040885476648
2,2,2463,0.72,0.76,30,37.18272028364845,6.01651718002515,0.8068263906229814,-1.193833586563186
2,2,2463,0.76,0.8,55,53.8221734864436,7.211802223131124,1.021883666846956,0.1633193031526347
2,2,2463,0.8,0.8400000000000001,94,81.54436412234702,8.843779799052845,1.1527467411354742,1.408406378343676
2,2,2463,0.8400000000000001,0.8800000000000001,149,148.92284352553338,11.809925610342324,1.000518096973171,0.0065331888626843655
2,2,2463,0.8800000000000001,0.9199999999999999,297,294.1852455449521,16.060936069762043,1.0095679660950834,0.17525469516980516
2,2,2463,0.9199999999999999,0.96,493,484.86120278826866,19.693348961366077,1.0167858289443,0.41327644311274
2,2,2463,0.96,1.0,590,567.7424174897694,20.864782746767283,1.0392036631834571,1.0667536192620597
2,2,2463,1.0,1.04,415,439.73834985135494,18.95027639598468,0.9437430238692684,-1.3054347775421724
2,2,2463,1.04,1.08,226,218.3270288507656,14.075660490809671,1.0351443941211655,0.5451233463782579
2,2,2463,1.08,1.12,59,69.12323177218377,8.191139123109178,0.853548054501446,-1.2358759410670606
2,2,2463,1.12,1.16,10,14.399847172333843,3.7831253084470786,0.6944518146840345,-1.1630191478219685
2,2,2463,1.16,1.2,1,2.207051885790043,1.4848866939833911,0.4530931087023525,-0.8128915766306571
2,2,2463,1.2,1.24,1,0.3226382494865634,0.5679612073129652,3.099446521270709,1.1926197454893925
2,2,2463,1.24,1.28,1,0.05764453970666494,0.24008742159174734,17.3476968519254,3.9250513585661633
2,2,2463,1.28,1.32,0,0.011593409956889067,0.1076721323499679,0.0,-0.10767326423151796
2,2,2463,1.32,1.3599999999999999,0,0.0022181173481425898,0.04709684233892828,0.0,-0.04709694404096358
2,2,2463,1.3599999999999999,1.4,0,0.00038028551125735,0.0195009066913474,0.0,-0.019500914356258295
