dimension,group,n_sample,lower,upper,count,expected,sigma,ratio,pull
redshift,0,56,0.0,0.16666666666666666,6,8.168790927116863,2.640803796342823,0.7345028234328519,-0.8212616666639007
redshift,0,56,0.16666666666666666,0.3333333333333333,14,11.643787841628697,3.0367956178483593,1.2023578744665382,0.7758876312001314
redshift,0,56,0.3333333333333333,0.5,13,10.74859801720061,2.9471141816096496,1.209460059739563,0.7639344267176384
redshift,0,56,0.5,0.6666666666666666,9,9.511361935591271,2.809889084613366,0.9462367283408942,-0.18198651982081107
redshift,0,56,0.6666666666666666,0.8333333333333333,7,8.417443714505671,2.6742257592751812,0.8316063923227656,-0.5300389129786309
redshift,0,56,0.8333333333333333,1.0,7,7.51001756395689,2.5499022359838457,0.9320883660239843,-0.20001455615026986
redshift,1,919,0.0,0.06666666666666667,33,32.51918038507368,5.600173977783214,1.014785723663165,0.08585797813314489
redshift,1,919,0.06666666666666667,0.13333333333333333,70,65.34270272366173,7.790054179577342,1.0712749409223898,0.5978517182265549
redshift,1,919,0.13333333333333333,0.2,81,75.51389763320111,8.324830162798975,1.0726502344435578,0.659004719557468
redshift,1,919,0.2,0.26666666666666666,60,77.34544219195779,8.41627799194394,0.7757406034487533,-2.060939789365423
redshift,1,919,0.26666666666666666,0.3333333333333333,75,75.8432730287442,8.341683157487175,0.9888813734551697,-0.101091471927619
redshift,1,919,0.3333333333333333,0.4,70,73.00714995970544,8.198006872343475,0.9588101992563034,-0.36681476443381206
redshift,1,919,0.4,0.4666666666666667,75,69.70338138819129,8.025982446811163,1.0759879722665224,0.6599339890050635
redshift,1,919,0.4666666666666667,0.5333333333333333,80,66.32367995561376,7.844523411424722,1.2062056878258103,1.7434226819271295
redshift,1,919,0.5333333333333333,0.6,64,63.04602633325912,7.662889380717144,1.0151313845173715,0.12449268407050915
redshift,1,919,0.6,0.6666666666666666,67,59.947298380181095,7.485685252132401,1.1176483646534197,0.9421584507323287
redshift,1,919,0.6666666666666666,0.7333333333333333,44,57.055154556985215,7.3151381254128225,0.7711836089420095,-1.7846764248554037
redshift,1,919,0.7333333333333333,0.8,57,54.37311760779143,7.152214202789458,1.0483121532805422,0.36728239923016465
redshift,1,919,0.8,0.8666666666666667,52,51.89312928948811,6.9971975735446,1.0020594385417714,0.015273358996743869
redshift,1,919,0.8666666666666667,0.9333333333333333,53,49.601973901328925,6.850002623124074,1.0685058644123846,0.4960620142246515
redshift,1,919,0.9333333333333333,1.0,38,47.48459266481709,6.710347715179815,0.8002595761583833,-1.4134278978362802
redshift,2,3443,0.0,0.06666666666666667,120,121.44297568150066,10.82276715603254,0.9881180803302693,-0.13332779507284792
redshift,2,3443,0.06666666666666667,0.13333333333333333,270,244.24661982809727,15.062214300631581,1.10544006787086,1.7098004090157486
redshift,2,3443,0.13333333333333333,0.2,286,282.4818726959692,16.102154873325567,1.0124543471425416,0.21848798075212095
redshift,2,3443,0.2,0.26666666666666666,275,289.50393255424035,16.283486459444944,0.9499007408076471,-0.8907141962726051
redshift,2,3443,0.26666666666666666,0.3333333333333333,305,284.0131116488906,16.14258636097401,1.073894082668459,1.3000945376291684
redshift,2,3443,0.3333333333333333,0.4,288,273.494839834295,15.86725397374186,1.0530363211770042,0.9141569290886148
redshift,2,3443,0.4,0.4666666666666667,257,261.1987586121551,15.536487978822647,0.9839250437694856,-0.2702514633859522
redshift,2,3443,0.4666666666666667,0.5333333333333333,254,248.59793895745088,15.18702538039843,1.0217301119438231,0.35570237799967375
redshift,2,3443,0.5333333333333333,0.6,230,236.36400626312462,14.836886661282328,0.9730754002534544,-0.4289313795010544
redshift,2,3443,0.6,0.6666666666666666,212,224.78875796357374,14.495058355394134,0.9431076621472052,-0.8822839929316039
redshift,2,3443,0.6666666666666666,0.7333333333333333,203,213.97866592926363,14.165906461620743,0.9486927078380192,-0.7750062418531275
redshift,2,3443,0.7333333333333333,0.8,178,203.9490552457545,13.851343141867808,0.8727669749953664,-1.8733963183194484
redshift,2,3443,0.8,0.8666666666666667,209,194.6713225962741,13.551950533998589,1.0736044591089666,1.057314765706876
redshift,2,3443,0.8666666666666667,0.9333333333333333,182,186.09714409754963,13.267587975035404,0.9779838421625537,-0.3088085117851798
redshift,2,3443,0.9333333333333333,1.0,174,178.17099809186072,12.997729993304512,0.9765899156623108,-0.3209020416649153
mass,0,410,0.0,0.06666666666666667,18,16.535827600133956,3.9835219159833186,1.0885454562827073,0.36755725981856885
mass,0,410,0.06666666666666667,0.13333333333333333,46,31.806759649883162,5.416507529505891,1.446233458118673,2.620367510393101
mass,0,410,0.13333333333333333,0.2,29,35.56301415205773,5.698946483827097,0.8154539397589845,-1.151618842304056
mass,0,410,0.2,0.26666666666666666,36,35.57345789177927,5.699723865211658,1.0119904595588751,0.07483557419757389
mass,0,410,0.26666666666666666,0.3333333333333333,33,34.27155009139889,5.604177844853849,0.9628977945844938,-0.22689324404051883
mass,0,410,0.3333333333333333,0.4,33,32.541851452256665,5.4734807494796325,1.0140787486666363,0.08370332677006148
mass,0,410,0.4,0.4666666666666667,21,30.732585000941597,5.331878582843178,0.6833138181951369,-1.8253575826461863
mass,0,410,0.4666666666666667,0.5333333333333333,29,28.983863282835674,5.18988304794185,1.00055674831912,0.0031092641231530186
mass,0,410,0.5333333333333333,0.6,30,27.3489210283228,5.052183568182725,1.0969354136103475,0.5247392411417854
mass,0,410,0.6,0.6666666666666666,22,25.84322487379051,4.920791575319994,0.851286946866751,-0.7810176096598016
mass,0,410,0.6666666666666666,0.7333333333333333,20,24.465714462711993,4.796425050089114,0.8174705067567859,-0.9310506087505784
mass,0,410,0.7333333333333333,0.8,23,23.20840440340175,4.679163582674532,0.991020304550915,-0.0445388154783489
mass,0,410,0.8,0.8666666666666667,27,22.060830963448645,4.5687743440267505,1.223888621636002,1.081070909752604
mass,0,410,0.8666666666666667,0.9333333333333333,19,21.012113857596816,4.464879867021057,0.9042402934215328,-0.4506535265279796
mass,0,410,0.9333333333333333,1.0,24,20.051881289440527,4.367046032785143,1.1968951767452654,0.9040707794054342
mass,1,2647,0.0,0.06666666666666667,99,95.52583862678208,9.595428183075082,1.0363688131207245,0.3620642358978656
mass,1,2647,0.06666666666666667,0.13333333333333333,205,190.84541748692914,13.30694119477917,1.0741677882521874,1.0636991857019895
mass,1,2647,0.13333333333333333,0.2,226,219.50297361422514,14.187847221862684,1.0295988080653218,0.4579289785248958
mass,1,2647,0.2,0.26666666666666666,200,224.00947703318667,14.31957361234031,0.8928193692911051,-1.6766893821821485
mass,1,2647,0.26666666666666666,0.3333333333333333,223,219.03557128911797,14.17428472234218,1.0180994743801186,0.27969162384844093
mass,1,2647,0.3333333333333333,0.4,211,210.36658330148018,13.915746322119855,1.0030110138624635,0.04551798256863684
mass,1,2647,0.4,0.4666666666666667,199,200.4749885343217,13.612181460269111,0.9926425308957222,-0.10835798351842937
mass,1,2647,0.4666666666666667,0.5333333333333333,205,190.46095206209213,13.294963457641064,1.0763361086904994,1.0935756223949442
mass,1,2647,0.5333333333333333,0.6,180,180.81335681375458,12.979262939880103,0.9955016773755693,-0.06266587074489872
mass,1,2647,0.6,0.6666666666666666,172,171.7353753658747,12.672490875752972,1.001540885991378,0.020881816899283295
mass,1,2647,0.6666666666666666,0.7333333333333333,154,163.2930695158878,12.378125125713426,0.9430896268688022,-0.750765517516303
mass,1,2647,0.7333333333333333,0.8,147,155.4865368009825,12.09757771562476,0.9454194750517534,-0.7015071116279428
mass,1,2647,0.8,0.8666666666666667,162,148.28513558187285,11.83115692195503,1.0924898127132556,1.1592158322806565
mass,1,2647,0.8666666666666667,0.9333333333333333,141,141.64527598100125,11.578583176558997,0.9954444228617423,-0.05573013305355169
mass,1,2647,0.9333333333333333,1.0,123,135.51944799249134,11.339273662752884,0.9076188091233592,-1.1040784767030605
mass,2,1361,0.0,0.06666666666666667,37,43.86133456313505,6.515008091672151,0.8435675833516036,-1.0531582565347226
mass,2,1361,0.06666666666666667,0.13333333333333333,94,90.89070471030249,9.209544954180606,1.0342091669286515,0.337616603769991
mass,2,1361,0.13333333333333333,0.2,116,107.5107491583162,9.950630025478862,1.0789618797017482,0.8531370194597566
mass,2,1361,0.2,0.26666666666666666,104,111.96741374039999,10.136806269347003,0.9288416738920782,-0.785988557805716
mass,2,1361,0.26666666666666666,0.3333333333333333,129,111.16549753243443,10.103726857271985,1.1604319943097636,1.7651409939619946
mass,2,1361,0.3333333333333333,0.4,120,108.04207942152483,9.97322519510881,1.1106783638606352,1.199002363281611
mass,2,1361,0.4,0.4666666666666667,116,103.94553267942412,9.798300996441888,1.11596907543639,1.2302609733007066
mass,2,1361,0.4666666666666667,0.5333333333333333,107,99.52457025070777,9.604504111235457,1.0751113994309267,0.7783254255206565
mass,2,1361,0.5333333333333333,0.6,88,95.09779324379161,9.40492089312557,0.9253632182021744,-0.7546893083364127
mass,2,1361,0.6,0.6666666666666666,86,90.82012028922307,9.20646556309256,0.9469267352446457,-0.5235581729155933
mass,2,1361,0.6666666666666666,0.7333333333333333,75,86.76250941026206,9.012805199782267,0.8644286629073592,-1.3050886099864019
mass,2,1361,0.7333333333333333,0.8,68,82.95201510601251,8.82582482838077,0.8197510321249717,-1.6941209911545099
mass,2,1361,0.8,0.8666666666666667,77,79.3926659850535,8.646403641468089,0.9698628839910233,-0.2767238362061064
mass,2,1361,0.8666666666666667,0.9333333333333333,78,76.07664295692211,8.474844306293136,1.0252818337970955,0.22694895310934088
mass,2,1361,0.9333333333333333,1.0,66,72.99037095249027,8.31111834257887,0.9042288611323769,-0.8410866822432002
