zbin,phi_lower,phi_upper,area_lower,area_upper,count,expected,sigma,pull
0,0.0,15.0,0.0,0.08333333333333333,7,9.19431997693732,2.610977530022239,
0,0.0,15.0,0.08333333333333333,0.16666666666666666,11,8.985379961311452,2.6563479408805097,
0,0.0,15.0,0.16666666666666666,0.25,6,4.351019318686544,1.8658454188380866,
0,0.0,15.0,0.25,0.3333333333333333,8,9.643083406270145,2.68587785598438,
0,0.0,15.0,0.3333333333333333,0.41666666666666663,19,14.278489612416589,3.1609077511293404,
0,0.0,15.0,0.41666666666666663,0.5,22,16.601263612656123,3.355435575791208,1.6089524788658358
0,0.0,15.0,0.5,0.5833333333333333,10,10.82267535553139,2.76620618188789,
0,0.0,15.0,0.5833333333333333,0.6666666666666666,18,12.219276185744507,2.819548557502872,
0,0.0,15.0,0.6666666666666666,0.75,14,11.096514402663379,2.887092728715566,
0,0.0,15.0,0.75,0.8333333333333333,10,10.39414884591101,2.7955037726034004,
0,0.0,15.0,0.8333333333333333,0.9166666666666666,20,18.964474361774876,3.4949420067026638,0.29629265270759114
0,0.0,15.0,0.9166666666666666,1.0,13,10.866638610510282,2.768241920614619,
0,15.0,30.0,0.0,0.08333333333333333,10,12.83629193849689,2.9034949756551844,
0,15.0,30.0,0.08333333333333333,0.16666666666666666,11,8.965671789246219,2.599245862643824,
0,15.0,30.0,0.16666666666666666,0.25,20,19.031723647157687,3.673147536566339,0.2636094366488362
0,15.0,30.0,0.25,0.3333333333333333,9,14.376850565357126,3.297144493395224,-1.630759760795418
0,15.0,30.0,0.3333333333333333,0.41666666666666663,23,17.467006434803103,3.6406066722588757,1.5197998749378376
0,15.0,30.0,0.41666666666666663,0.5,13,10.437649256038927,2.8960117967647605,
0,15.0,30.0,0.5,0.5833333333333333,12,12.077768553747173,2.9671372309504216,
0,15.0,30.0,0.5833333333333333,0.6666666666666666,12,9.50115355119524,2.664225617579133,
0,15.0,30.0,0.6666666666666666,0.75,14,13.060403832566212,3.05682193702306,
0,15.0,30.0,0.75,0.8333333333333333,9,9.969117534952039,2.643564632869913,
0,15.0,30.0,0.8333333333333333,0.9166666666666666,7,8.475881278023243,2.5991455577118305,
0,15.0,30.0,0.9166666666666666,1.0,6,8.407084328386805,2.514406122089777,
0,30.0,45.0,0.0,0.08333333333333333,8,6.998702960561336,2.307552645392525,
0,30.0,45.0,0.08333333333333333,0.16666666666666666,9,10.70322000726603,2.8231637695594616,
0,30.0,45.0,0.16666666666666666,0.25,3,9.264685781687914,2.6779423424615754,
0,30.0,45.0,0.25,0.3333333333333333,7,9.56530189942896,2.6792807478239453,
0,30.0,45.0,0.3333333333333333,0.41666666666666663,22,16.81886405701992,3.3444928415053066,1.5491544423961536
0,30.0,45.0,0.41666666666666663,0.5,22,16.318602470271593,3.344718047422033,1.6986177756021583
0,30.0,45.0,0.5,0.5833333333333333,11,14.084718668612215,3.0567313771879037,
0,30.0,45.0,0.5833333333333333,0.6666666666666666,13,10.195060736025782,2.6828650591064656,
0,30.0,45.0,0.6666666666666666,0.75,19,14.808515908647802,3.13738556840677,
0,30.0,45.0,0.75,0.8333333333333333,13,11.79064338468077,2.971843280467196,
0,30.0,45.0,0.8333333333333333,0.9166666666666666,11,8.747812425969757,2.5243767063177143,
0,30.0,45.0,0.9166666666666666,1.0,10,12.034259407854236,2.945312693121041,
0,45.0,60.0,0.0,0.08333333333333333,7,7.857500776070847,2.512758856558464,
0,45.0,60.0,0.08333333333333333,0.16666666666666666,10,10.055199069019288,2.7655814799803786,
0,45.0,60.0,0.16666666666666666,0.25,16,12.733481502225352,3.0607522275033414,
0,45.0,60.0,0.25,0.3333333333333333,19,12.93571486213374,3.012272180879696,
0,45.0,60.0,0.3333333333333333,0.41666666666666663,9,11.004899011334219,2.858919708358391,
0,45.0,60.0,0.41666666666666663,0.5,16,13.373118986806752,3.1876544421739252,0.8240796048776733
0,45.0,60.0,0.5,0.5833333333333333,18,17.08102298362251,3.4659748330332985,0.2651424377404476
0,45.0,60.0,0.5833333333333333,0.6666666666666666,9,8.349405189066577,2.6589952643921726,
0,45.0,60.0,0.6666666666666666,0.75,14,11.404216615498877,2.9418725617830153,
0,45.0,60.0,0.75,0.8333333333333333,17,15.473471748428967,3.3283688877795807,0.4586415457661034
0,45.0,60.0,0.8333333333333333,0.9166666666666666,14,13.040100475527435,3.1109069067452397,
0,45.0,60.0,0.9166666666666666,1.0,7,9.691731172837528,2.6697353977168317,
0,60.0,75.0,0.0,0.08333333333333333,5,9.793032793805565,2.809136549597961,
0,60.0,75.0,0.08333333333333333,0.16666666666666666,10,10.894079424709505,2.830830309182053,
0,60.0,75.0,0.16666666666666666,0.25,5,9.69185016318928,2.7728202839324796,
0,60.0,75.0,0.25,0.3333333333333333,7,10.025702714424254,2.8456021196643344,
0,60.0,75.0,0.3333333333333333,0.41666666666666663,14,19.855001783995917,3.494070262744193,-1.675696635647356
0,60.0,75.0,0.41666666666666663,0.5,9,16.069174131995705,3.3191683813580997,-2.1298028059375587
0,60.0,75.0,0.5,0.5833333333333333,16,12.175184348987763,2.9654541211225256,
0,60.0,75.0,0.5833333333333333,0.6666666666666666,13,8.556785842615747,2.6516140378299067,
0,60.0,75.0,0.6666666666666666,0.75,9,10.641644355755083,2.8082590778760848,
0,60.0,75.0,0.75,0.8333333333333333,14,12.944623658032715,3.133431341857481,
0,60.0,75.0,0.8333333333333333,0.9166666666666666,9,10.86732210824271,2.8935007129699817,
0,60.0,75.0,0.9166666666666666,1.0,19,14.19801147526255,3.22709516974398,1.4880219739904395
0,75.0,90.0,0.0,0.08333333333333333,9,6.5867674224635,2.311583029365008,
0,75.0,90.0,0.08333333333333333,0.16666666666666666,17,16.968135783399077,3.3917540553311327,0.009394612958695727
0,75.0,90.0,0.16666666666666666,0.25,4,3.7946168399841342,1.769040627329931,
0,75.0,90.0,0.25,0.3333333333333333,3,7.775104457967921,2.4596938975556206,
0,75.0,90.0,0.3333333333333333,0.41666666666666663,8,11.369934039711767,2.8871583955170372,
0,75.0,90.0,0.41666666666666663,0.5,3,6.357143028154566,2.2128409856804834,
0,75.0,90.0,0.5,0.5833333333333333,6,9.42147084781773,2.7135181615258084,
0,75.0,90.0,0.5833333333333333,0.6666666666666666,15,14.847416859733015,3.253012612875093,0.04690517942140063
0,75.0,90.0,0.6666666666666666,0.75,22,16.994547950731093,3.385330399759538,1.4785712052284312
0,75.0,90.0,0.75,0.8333333333333333,7,7.896729446032836,2.3883683510321263,
0,75.0,90.0,0.8333333333333333,0.9166666666666666,10,12.680780999444023,3.070819849624976,
0,75.0,90.0,0.9166666666666666,1.0,16,16.17355797896702,3.2062923324036507,-0.05413042884860959
0,90.0,105.0,0.0,0.08333333333333333,5,4.999710610607283,2.0471536197257523,
0,90.0,105.0,0.08333333333333333,0.16666666666666666,8,9.823021713421022,2.769663837482059,
0,90.0,105.0,0.16666666666666666,0.25,13,11.827948451382087,2.93287142793873,
0,90.0,105.0,0.25,0.3333333333333333,14,9.985891026627781,2.8074460610986858,
0,90.0,105.0,0.3333333333333333,0.41666666666666663,7,9.773228604428414,2.725427369700004,
0,90.0,105.0,0.41666666666666663,0.5,13,16.983463141091836,3.4608927698582055,-1.150992939100809
0,90.0,105.0,0.5,0.5833333333333333,10,8.820890277337725,2.494488676208405,
0,90.0,105.0,0.5833333333333333,0.6666666666666666,21,18.37244297514919,3.3714099557587702,0.779364437825969
0,90.0,105.0,0.6666666666666666,0.75,16,11.755827746515187,2.92241776615325,
0,90.0,105.0,0.75,0.8333333333333333,10,12.727344233685018,2.898399073725886,
0,90.0,105.0,0.8333333333333333,0.9166666666666666,7,6.8902239125037275,2.3035116485109044,
0,90.0,105.0,0.9166666666666666,1.0,14,10.601736713103042,2.7172987791938303,
0,105.0,120.0,0.0,0.08333333333333333,13,6.744181110738368,2.3583551115417656,
0,105.0,120.0,0.08333333333333333,0.16666666666666666,8,9.90833233206335,2.7289887316336605,
0,105.0,120.0,0.16666666666666666,0.25,12,7.9505566697985035,2.5417297918963393,
0,105.0,120.0,0.25,0.3333333333333333,14,10.892675484218628,2.853670788022214,
0,105.0,120.0,0.3333333333333333,0.41666666666666663,9,11.527838653150495,2.920788701765063,
0,105.0,120.0,0.41666666666666663,0.5,15,11.643083506917137,2.9949034975723063,
0,105.0,120.0,0.5,0.5833333333333333,20,12.238844257954028,2.961054966524287,
0,105.0,120.0,0.5833333333333333,0.6666666666666666,14,11.696384526948513,2.9264717620880325,
0,105.0,120.0,0.6666666666666666,0.75,8,7.842473310150072,2.4200871881064168,
0,105.0,120.0,0.75,0.8333333333333333,8,10.14138293591414,2.70034297369129,
0,105.0,120.0,0.8333333333333333,0.9166666666666666,6,6.485813371641975,2.244726660810606,
0,105.0,120.0,0.9166666666666666,1.0,11,11.424723761042404,2.959799203395815,
0,120.0,135.0,0.0,0.08333333333333333,5,5.681613500348427,2.1396514983494637,
0,120.0,135.0,0.08333333333333333,0.16666666666666666,10,11.917769145558253,2.9540599081569643,
0,120.0,135.0,0.16666666666666666,0.25,9,9.43546931760608,2.6805539590073395,
0,120.0,135.0,0.25,0.3333333333333333,7,8.859197570011037,2.613300478062674,
0,120.0,135.0,0.3333333333333333,0.41666666666666663,6,9.511888111732956,2.592165567891473,
0,120.0,135.0,0.41666666666666663,0.5,8,7.604278408512245,2.3933103270435496,
0,120.0,135.0,0.5,0.5833333333333333,10,14.124074427839432,3.1298390869014883,
0,120.0,135.0,0.5833333333333333,0.6666666666666666,12,14.607300158392496,3.1704210921433003,-0.8223829209481704
0,120.0,135.0,0.6666666666666666,0.75,10,11.441034434579777,2.9287633766233476,
0,120.0,135.0,0.75,0.8333333333333333,9,10.134749412123787,2.566186852769836,
0,120.0,135.0,0.8333333333333333,0.9166666666666666,4,8.696211508509245,2.5511892739485855,
0,120.0,135.0,0.9166666666666666,1.0,17,15.513399363666782,3.254178425822238,0.4568282502695275
0,135.0,150.0,0.0,0.08333333333333333,13,10.42050517566547,2.8539174271846313,
0,135.0,150.0,0.08333333333333333,0.16666666666666666,14,9.52685701947701,2.7494719699374293,
0,135.0,150.0,0.16666666666666666,0.25,21,19.31866522552658,3.5036072880777263,0.4798867670457136
0,135.0,150.0,0.25,0.3333333333333333,7,9.185033440304533,2.5541744954975143,
0,135.0,150.0,0.3333333333333333,0.41666666666666663,19,11.357015395382895,2.8117363708886427,
0,135.0,150.0,0.41666666666666663,0.5,20,15.254136337147994,3.1619867198113303,
0,135.0,150.0,0.5,0.5833333333333333,19,19.199097281720775,3.568931141103956,-0.05578624911748485
0,135.0,150.0,0.5833333333333333,0.6666666666666666,19,16.064489112973604,3.372478540550213,0.8704313020024357
0,135.0,150.0,0.6666666666666666,0.75,8,9.198551756783006,2.5478213436760404,
0,135.0,150.0,0.75,0.8333333333333333,10,11.866227575794841,2.9614970213125837,
0,135.0,150.0,0.8333333333333333,0.9166666666666666,14,13.956768010346572,3.286294849871102,0.013155237624257542
0,135.0,150.0,0.9166666666666666,1.0,13,16.351355720970936,3.2869580576187776,-1.0195918725530715
0,150.0,165.0,0.0,0.08333333333333333,4,8.336988136579027,2.5273087030849912,
0,150.0,165.0,0.08333333333333333,0.16666666666666666,7,7.919957788602384,2.572545957571913,
0,150.0,165.0,0.16666666666666666,0.25,11,13.503562226992601,3.2031116243072417,-0.7816031786073216
0,150.0,165.0,0.25,0.3333333333333333,3,6.316446032701563,2.2920032688467007,
0,150.0,165.0,0.3333333333333333,0.41666666666666663,3,4.405339532843218,1.8803457822430025,
0,150.0,165.0,0.41666666666666663,0.5,6,4.380043584104549,1.8031202431501243,
0,150.0,165.0,0.5,0.5833333333333333,5,5.649348797517888,1.9865042828418455,
0,150.0,165.0,0.5833333333333333,0.6666666666666666,10,10.728206037852232,2.7993023515822224,
0,150.0,165.0,0.6666666666666666,0.75,14,15.059582205775701,3.2591276814769654,-0.32511221079117764
0,150.0,165.0,0.75,0.8333333333333333,26,21.88721936488288,3.8074865999674583,1.080182563256367
0,150.0,165.0,0.8333333333333333,0.9166666666666666,18,18.182846740933847,3.584536060626613,-0.051009876268864704
0,150.0,165.0,0.9166666666666666,1.0,12,13.481144101028477,3.2393465680505256,-0.45723545471698185
0,165.0,180.0,0.0,0.08333333333333333,17,13.961597454602034,3.112679138954789,
0,165.0,180.0,0.08333333333333333,0.16666666666666666,12,8.71450436017559,2.5483646666218704,
0,165.0,180.0,0.16666666666666666,0.25,13,12.842169654234956,2.9872748997287513,
0,165.0,180.0,0.25,0.3333333333333333,10,9.9362099195741,2.7173662735465034,
0,165.0,180.0,0.3333333333333333,0.41666666666666663,10,8.738092252310105,2.623510519317792,
0,165.0,180.0,0.41666666666666663,0.5,5,8.880127809782993,2.507685287441141,
0,165.0,180.0,0.5,0.5833333333333333,9,8.985390706033503,2.5342002844781977,
0,165.0,180.0,0.5833333333333333,0.6666666666666666,10,11.18196251788674,2.8551329441976487,
0,165.0,180.0,0.6666666666666666,0.75,9,10.493801001442991,2.830423076387292,
0,165.0,180.0,0.75,0.8333333333333333,10,11.670048843646049,3.046991538771841,
0,165.0,180.0,0.8333333333333333,0.9166666666666666,12,11.539046195365197,2.9463108747310125,
0,165.0,180.0,0.9166666666666666,1.0,15,11.061421881323819,2.9363118990171073,
0,180.0,195.0,0.0,0.08333333333333333,8,13.10109701868713,3.0446680362121006,
0,180.0,195.0,0.08333333333333333,0.16666666666666666,13,11.706005226572628,2.916248293894689,
0,180.0,195.0,0.16666666666666666,0.25,7,9.53929145325294,2.6345542384834393,
0,180.0,195.0,0.25,0.3333333333333333,6,8.506649810941726,2.4634261541824887,
0,180.0,195.0,0.3333333333333333,0.41666666666666663,8,9.470556443411093,2.584905673616166,
0,180.0,195.0,0.41666666666666663,0.5,11,8.714470724524885,2.5532399984447154,
0,180.0,195.0,0.5,0.5833333333333333,7,8.011362368163727,2.5195072359568282,
0,180.0,195.0,0.5833333333333333,0.6666666666666666,8,9.02101329878875,2.5880554813815024,
0,180.0,195.0,0.6666666666666666,0.75,4,7.084894604664804,2.388364450204393,
0,180.0,195.0,0.75,0.8333333333333333,9,10.534043816001056,2.7274077203058433,
0,180.0,195.0,0.8333333333333333,0.9166666666666666,11,12.482034732028275,2.990284392664191,
0,180.0,195.0,0.9166666666666666,1.0,9,15.445823889601803,3.3089719444579324,-1.9479838444679656
0,195.0,210.0,0.0,0.08333333333333333,8,10.163083965144331,2.7130685353748865,
0,195.0,210.0,0.08333333333333333,0.16666666666666666,11,8.08537600582546,2.4616193141548948,
0,195.0,210.0,0.16666666666666666,0.25,9,13.341955998972727,3.066990092613025,
0,195.0,210.0,0.25,0.3333333333333333,12,12.00993580906777,2.904463218499827,
0,195.0,210.0,0.3333333333333333,0.41666666666666663,17,13.028164268150226,2.952882507656093,
0,195.0,210.0,0.41666666666666663,0.5,7,11.13071058375214,2.8878630479774414,
0,195.0,210.0,0.5,0.5833333333333333,11,11.121617380726393,2.88497898703323,
0,195.0,210.0,0.5833333333333333,0.6666666666666666,14,11.396075260823666,2.8519990644357662,
0,195.0,210.0,0.6666666666666666,0.75,13,9.81611797563129,2.6268261932500923,
0,195.0,210.0,0.75,0.8333333333333333,10,15.94485166858016,3.3906557344747914,-1.75330441487626
0,195.0,210.0,0.8333333333333333,0.9166666666666666,15,15.498059722360587,3.3919396873332617,-0.14683625543830375
0,195.0,210.0,0.9166666666666666,1.0,19,13.76902878903918,3.140956085086342,
0,210.0,225.0,0.0,0.08333333333333333,8,9.011796872807507,2.6546754675663005,
0,210.0,225.0,0.08333333333333333,0.16666666666666666,4,5.498158025699202,1.9769450133062125,
0,210.0,225.0,0.16666666666666666,0.25,8,9.749057588466718,2.7769938444938194,
0,210.0,225.0,0.25,0.3333333333333333,9,14.934345307568305,3.213706048197126,-1.8465737745048105
0,210.0,225.0,0.3333333333333333,0.41666666666666663,16,10.716493471188667,2.8272391420938665,
0,210.0,225.0,0.41666666666666663,0.5,6,9.413766354961133,2.667811259483927,
0,210.0,225.0,0.5,0.5833333333333333,12,11.058895406688324,2.945973392146965,
0,210.0,225.0,0.5833333333333333,0.6666666666666666,9,9.619138465876691,2.583600985031112,
0,210.0,225.0,0.6666666666666666,0.75,8,8.948941938650114,2.6867919558430553,
0,210.0,225.0,0.75,0.8333333333333333,14,13.154194720979602,3.0730282672022176,
0,210.0,225.0,0.8333333333333333,0.9166666666666666,12,12.531651386953483,3.003234737236147,
0,210.0,225.0,0.9166666666666666,1.0,5,7.6219007327552815,2.3284480233947082,
0,225.0,240.0,0.0,0.08333333333333333,12,14.649211613543889,3.1257777820368355,
0,225.0,240.0,0.08333333333333333,0.16666666666666666,9,14.32436346180694,3.2364555337946452,-1.6451217717069284
0,225.0,240.0,0.16666666666666666,0.25,19,17.422007528860757,3.5165433835173046,0.44873396942451743
0,225.0,240.0,0.25,0.3333333333333333,7,13.208864381857294,3.0450580160134373,
0,225.0,240.0,0.3333333333333333,0.41666666666666663,9,7.802623463277371,2.5446920131538304,
0,225.0,240.0,0.41666666666666663,0.5,11,12.580991711121612,3.0391594587853867,
0,225.0,240.0,0.5,0.5833333333333333,14,10.107103039832223,2.716524242327959,
0,225.0,240.0,0.5833333333333333,0.6666666666666666,12,15.41544538266645,3.275084329299288,-1.042857233357772
0,225.0,240.0,0.6666666666666666,0.75,9,12.026004105930745,3.0879005441963314,
0,225.0,240.0,0.75,0.8333333333333333,13,13.072436920496282,3.117705438880553,
0,225.0,240.0,0.8333333333333333,0.9166666666666666,21,22.84885563395776,3.7704108325111974,-0.490359198529666
0,225.0,240.0,0.9166666666666666,1.0,12,12.611056915309733,3.0532137564340975,
0,240.0,255.0,0.0,0.08333333333333333,19,16.331860837891988,3.3430662880073023,0.7981113541420105
0,240.0,255.0,0.08333333333333333,0.16666666666666666,9,10.948901932612742,2.934310277510233,
0,240.0,255.0,0.16666666666666666,0.25,17,12.839668356712291,3.128193736047978,
0,240.0,255.0,0.25,0.3333333333333333,17,11.769871264197567,2.8511382943959878,
0,240.0,255.0,0.3333333333333333,0.41666666666666663,5,6.099048914092965,2.2319581998442564,
0,240.0,255.0,0.41666666666666663,0.5,8,9.304396250213603,2.4526859830500602,
0,240.0,255.0,0.5,0.5833333333333333,13,9.57347216433976,2.648421092883323,
0,240.0,255.0,0.5833333333333333,0.6666666666666666,5,7.8930447913272435,2.454565268943249,
0,240.0,255.0,0.6666666666666666,0.75,11,10.610067534464571,2.886530808910857,
0,240.0,255.0,0.75,0.8333333333333333,7,8.451666197656445,2.5643853157718337,
0,240.0,255.0,0.8333333333333333,0.9166666666666666,11,10.834130799572733,2.9128065007427995,
0,240.0,255.0,0.9166666666666666,1.0,10,8.63473854595515,2.6684092575047726,
0,255.0,270.0,0.0,0.08333333333333333,17,12.916629758281765,3.0185089405698755,
0,255.0,270.0,0.08333333333333333,0.16666666666666666,9,11.472662458250632,2.8347399703866407,
0,255.0,270.0,0.16666666666666666,0.25,12,11.429655115453137,2.836410295116238,
0,255.0,270.0,0.25,0.3333333333333333,13,12.275864590193395,2.979417226266635,
0,255.0,270.0,0.3333333333333333,0.41666666666666663,18,12.12998842084449,3.0299001996870287,
0,255.0,270.0,0.41666666666666663,0.5,15,18.928572880743605,3.463406867602112,-1.1343087979332762
0,255.0,270.0,0.5,0.5833333333333333,20,15.479219490411735,3.2510725731113133,1.3905504746274633
0,255.0,270.0,0.5833333333333333,0.6666666666666666,19,15.843263787870063,3.376784366454775,0.9348349996787438
0,255.0,270.0,0.6666666666666666,0.75,14,10.489599116708796,2.6033059720628766,
0,255.0,270.0,0.75,0.8333333333333333,4,7.891384573901611,2.414825832476508,
0,255.0,270.0,0.8333333333333333,0.9166666666666666,10,12.276861386502503,3.0383547755543447,
0,255.0,270.0,0.9166666666666666,1.0,9,7.9134704271410925,2.440054980025567,
0,270.0,285.0,0.0,0.08333333333333333,9,10.438462761742134,2.753818800552772,
0,270.0,285.0,0.08333333333333333,0.16666666666666666,8,12.325273529151088,3.030586831309768,
0,270.0,285.0,0.16666666666666666,0.25,19,15.268851054073512,3.335710214413316,1.1185470877549601
0,270.0,285.0,0.25,0.3333333333333333,8,9.080265498972528,2.6438074576124317,
0,270.0,285.0,0.3333333333333333,0.41666666666666663,6,10.239308941998988,2.779471873820055,
0,270.0,285.0,0.41666666666666663,0.5,14,15.532220531778242,3.309395500206791,-0.4629910603560376
0,270.0,285.0,0.5,0.5833333333333333,7,10.096901204187372,2.775007533215232,
0,270.0,285.0,0.5833333333333333,0.6666666666666666,18,20.137177244919446,3.6201375309361508,-0.590358025532467
0,270.0,285.0,0.6666666666666666,0.75,10,10.028110607400565,2.5585245193996164,
0,270.0,285.0,0.75,0.8333333333333333,18,16.768511670762635,3.4090605770221547,0.36123979067367623
0,270.0,285.0,0.8333333333333333,0.9166666666666666,13,11.162812466551337,2.847085668828755,
0,270.0,285.0,0.9166666666666666,1.0,11,10.927695750573136,2.745292396952061,
0,285.0,300.0,0.0,0.08333333333333333,14,14.313719163864283,3.203102980996341,-0.09794226589826938
0,285.0,300.0,0.08333333333333333,0.16666666666666666,19,13.115617816540158,3.0862177582940014,
0,285.0,300.0,0.16666666666666666,0.25,11,12.073340872817733,2.99494551370254,
0,285.0,300.0,0.25,0.3333333333333333,8,9.41373461573335,2.6066588822776775,
0,285.0,300.0,0.3333333333333333,0.41666666666666663,14,11.354641792530836,2.8940850863231624,
0,285.0,300.0,0.41666666666666663,0.5,8,11.27789483704228,2.945974200880806,
0,285.0,300.0,0.5,0.5833333333333333,16,18.501655861253727,3.4905822176379435,-0.7166872760116744
0,285.0,300.0,0.5833333333333333,0.6666666666666666,12,12.601999966182227,2.933353809956709,
0,285.0,300.0,0.6666666666666666,0.75,4,5.467976897543768,2.08422379081941,
0,285.0,300.0,0.75,0.8333333333333333,8,7.672915805074598,2.4690755384865057,
0,285.0,300.0,0.8333333333333333,0.9166666666666666,14,13.558721604975117,3.082644360996876,
0,285.0,300.0,0.9166666666666666,1.0,12,11.4543784214074,2.823548507889613,
0,300.0,315.0,0.0,0.08333333333333333,15,17.188049321588682,3.443189556354148,-0.6354716421437796
0,300.0,315.0,0.08333333333333333,0.16666666666666666,11,10.90026744819307,2.7400493386408145,
0,300.0,315.0,0.16666666666666666,0.25,10,11.734492856558411,2.8396010783079824,
0,300.0,315.0,0.25,0.3333333333333333,13,10.067046278434624,2.736687375754134,
0,300.0,315.0,0.3333333333333333,0.41666666666666663,6,5.832759800821702,2.1537078815469157,
0,300.0,315.0,0.41666666666666663,0.5,10,10.09006114649846,2.729449718148469,
0,300.0,315.0,0.5,0.5833333333333333,12,16.487966232163057,3.3552894165923814,-1.3375794678007293
0,300.0,315.0,0.5833333333333333,0.6666666666666666,12,11.58398002449963,2.7847808204585216,
0,300.0,315.0,0.6666666666666666,0.75,13,15.055768866178168,3.2972073242406315,-0.6234878987027681
0,300.0,315.0,0.75,0.8333333333333333,9,8.552238909222831,2.503167943475899,
0,300.0,315.0,0.8333333333333333,0.9166666666666666,11,8.96875242672779,2.651314254946333,
0,300.0,315.0,0.9166666666666666,1.0,10,9.337694032503595,2.707802727482523,
0,315.0,330.0,0.0,0.08333333333333333,13,13.69574076238102,3.199317274788203,-0.21746538483810673
0,315.0,330.0,0.08333333333333333,0.16666666666666666,13,11.159402438495302,2.8047007232439416,
0,315.0,330.0,0.16666666666666666,0.25,11,6.939840968756886,2.193855384680376,
0,315.0,330.0,0.25,0.3333333333333333,9,6.77972281586251,2.2631105932124194,
0,315.0,330.0,0.3333333333333333,0.41666666666666663,10,14.201482681798733,3.2343127997237078,-1.2990341200633553
0,315.0,330.0,0.41666666666666663,0.5,9,8.897969362664478,2.575938826965302,
0,315.0,330.0,0.5,0.5833333333333333,9,13.027310648080691,3.011031838576285,
0,315.0,330.0,0.5833333333333333,0.6666666666666666,7,10.91968804510872,2.800669600063514,
0,315.0,330.0,0.6666666666666666,0.75,3,7.299465252744398,2.4031310223943887,
0,315.0,330.0,0.75,0.8333333333333333,17,16.268767975305423,3.4865678272835865,0.20972832335927513
0,315.0,330.0,0.8333333333333333,0.9166666666666666,17,17.901014188210183,3.5952618743517806,-0.25061156035334275
0,315.0,330.0,0.9166666666666666,1.0,15,13.80137562036302,3.230020448757661,0.371088789886144
0,330.0,345.0,0.0,0.08333333333333333,16,11.733610945846454,2.8488617607190587,
0,330.0,345.0,0.08333333333333333,0.16666666666666666,9,10.883110414080937,2.8482867242309866,
0,330.0,345.0,0.16666666666666666,0.25,6,7.07604716217104,2.394743172825774,
0,330.0,345.0,0.25,0.3333333333333333,18,16.54534573141629,3.4136730872371888,0.4261258273448249
0,330.0,345.0,0.3333333333333333,0.41666666666666663,9,14.95550836856538,3.2937121929353728,-1.8081447375211617
0,330.0,345.0,0.41666666666666663,0.5,17,17.956445000642308,3.543138656948437,-0.2699428651392536
0,330.0,345.0,0.5,0.5833333333333333,13,14.159411949921159,3.2324662013063623,-0.358677207344843
0,330.0,345.0,0.5833333333333333,0.6666666666666666,14,19.250428700527628,3.794373365375967,-1.3837406588498409
0,330.0,345.0,0.6666666666666666,0.75,12,15.487438496723877,3.2977181447023645,-1.0575307966589838
0,330.0,345.0,0.75,0.8333333333333333,15,14.443338730865118,3.130154148699469,
0,330.0,345.0,0.8333333333333333,0.9166666666666666,9,8.063597508190638,2.4633561645742654,
0,330.0,345.0,0.9166666666666666,1.0,9,6.3567165320670815,2.1926062131562793,
0,345.0,360.0,0.0,0.08333333333333333,9,8.418630209214028,2.538321612471792,
0,345.0,360.0,0.08333333333333333,0.16666666666666666,6,7.236922712768379,2.373441305107245,
0,345.0,360.0,0.16666666666666666,0.25,7,5.236620532471923,2.0543035573797703,
0,345.0,360.0,0.25,0.3333333333333333,14,12.592633226978721,2.956049260857995,
0,345.0,360.0,0.3333333333333333,0.41666666666666663,12,12.602076374071654,3.021568680466877,
0,345.0,360.0,0.41666666666666663,0.5,12,10.936002941210536,2.8258680417589606,
0,345.0,360.0,0.5,0.5833333333333333,9,13.283189028191174,3.012834972898055,
0,345.0,360.0,0.5833333333333333,0.6666666666666666,5,9.28638337439536,2.6774005084310812,
0,345.0,360.0,0.6666666666666666,0.75,12,13.757816156097125,3.1148674513348378,
0,345.0,360.0,0.75,0.8333333333333333,18,13.331739116491597,2.970127663214222,
0,345.0,360.0,0.8333333333333333,0.9166666666666666,9,9.754625606633288,2.7179004726037235,
0,345.0,360.0,0.9166666666666666,1.0,11,10.615720045785654,2.850540810971609,
1,0.0,15.0,0.0,0.08333333333333333,95,91.1439840891847,7.74131501501708,0.4981086421796767
1,0.0,15.0,0.08333333333333333,0.16666666666666666,75,68.50725903666178,6.796790181848645,0.9552657636361336
1,0.0,15.0,0.16666666666666666,0.25,109,102.51688251970428,8.136564020128024,0.796788111573626
1,0.0,15.0,0.25,0.3333333333333333,82,78.23778012497333,7.4667638504328755,0.5038621751521664
1,0.0,15.0,0.3333333333333333,0.41666666666666663,73,68.71970448371852,6.8539614382294,0.6244995036603566
1,0.0,15.0,0.41666666666666663,0.5,87,87.08798390761716,7.552507279059982,-0.011649628973030087
1,0.0,15.0,0.5,0.5833333333333333,81,74.2597577802975,7.071832152424847,0.9531111704045954
1,0.0,15.0,0.5833333333333333,0.6666666666666666,90,80.81909192902343,7.36772602929567,1.246097918743354
1,0.0,15.0,0.6666666666666666,0.75,91,92.26481662108527,7.704191436041417,-0.16417253278108626
1,0.0,15.0,0.75,0.8333333333333333,129,116.10605581557394,8.550086700468984,1.508048355079114
1,0.0,15.0,0.8333333333333333,0.9166666666666666,102,104.72554651537034,8.23984353946196,-0.33077648893662254
1,0.0,15.0,0.9166666666666666,1.0,87,86.26633134317343,7.498561584632031,0.09784125242502342
1,15.0,30.0,0.0,0.08333333333333333,108,99.21209821372736,8.014406425319347,1.0965131189890303
1,15.0,30.0,0.08333333333333333,0.16666666666666666,89,88.74554651277363,7.682262079431614,0.033122208614522725
1,15.0,30.0,0.16666666666666666,0.25,96,100.93941667155431,8.084852754874904,-0.610947016762427
1,15.0,30.0,0.25,0.3333333333333333,99,103.20991517088946,8.105647488762022,-0.5193804907906797
1,15.0,30.0,0.3333333333333333,0.41666666666666663,86,91.73021013002652,7.911132776642387,-0.7243223305447434
1,15.0,30.0,0.41666666666666663,0.5,116,110.13745260099068,8.596069282129951,0.6820032745893227
1,15.0,30.0,0.5,0.5833333333333333,89,90.23742996785246,7.671471922067457,-0.1613028086947592
1,15.0,30.0,0.5833333333333333,0.6666666666666666,101,96.14915262455594,7.900026856694805,0.6140292259048785
1,15.0,30.0,0.6666666666666666,0.75,101,89.69776273754626,7.713723183287634,1.4652116745569634
1,15.0,30.0,0.75,0.8333333333333333,90,81.64755484125428,7.522265516683501,1.1103629804373405
1,15.0,30.0,0.8333333333333333,0.9166666666666666,92,106.88275761536839,8.198929198742203,-1.8152074807099876
1,15.0,30.0,0.9166666666666666,1.0,57,56.82723872419662,6.584266971678038,0.02623849800539789
1,30.0,45.0,0.0,0.08333333333333333,67,80.42420907884002,7.382528624422359,-1.8183754864737
1,30.0,45.0,0.08333333333333333,0.16666666666666666,47,55.64663209276119,6.304392006430822,-1.371525134214553
1,30.0,45.0,0.16666666666666666,0.25,66,72.8000731810371,6.95399212819136,-0.9778661027627182
1,30.0,45.0,0.25,0.3333333333333333,78,73.76855812995248,7.132819044818649,0.5932355557402343
1,30.0,45.0,0.3333333333333333,0.41666666666666663,63,78.35237952989054,7.312822899381316,-2.099378002329223
1,30.0,45.0,0.41666666666666663,0.5,111,106.25160679545684,8.172830394891852,0.5809973993233707
1,30.0,45.0,0.5,0.5833333333333333,95,91.07944265764712,7.7309138369392905,0.5071272846969213
1,30.0,45.0,0.5833333333333333,0.6666666666666666,88,88.92471757540719,7.682307668157137,-0.1203697658764832
1,30.0,45.0,0.6666666666666666,0.75,61,63.295938857526245,6.62206774739654,-0.3467102640906825
1,30.0,45.0,0.75,0.8333333333333333,93,88.08460175019177,7.64123061068066,0.6432731192456949
1,30.0,45.0,0.8333333333333333,0.9166666666666666,102,94.9665051445132,8.07588427728983,0.8709256613874053
1,30.0,45.0,0.9166666666666666,1.0,53,56.98277390764203,6.313508631616076,-0.6308336837772807
1,45.0,60.0,0.0,0.08333333333333333,77,81.4038748394418,7.538496337776379,-0.5841847819668509
1,45.0,60.0,0.08333333333333333,0.16666666666666666,79,75.21947011570776,7.253771958202956,0.5211812428176776
1,45.0,60.0,0.16666666666666666,0.25,84,88.61553083799036,7.638655114204407,-0.6042334375599162
1,45.0,60.0,0.25,0.3333333333333333,97,99.73929456782048,8.094331239350975,-0.3384213577155416
1,45.0,60.0,0.3333333333333333,0.41666666666666663,69,67.75229393212663,6.801451985506218,0.18344701550965992
1,45.0,60.0,0.41666666666666663,0.5,87,88.65362040335889,7.786388975971333,-0.2123732077169444
1,45.0,60.0,0.5,0.5833333333333333,83,88.38119522160272,7.723293838425869,-0.6967487362489755
1,45.0,60.0,0.5833333333333333,0.6666666666666666,89,91.41142436203273,7.70683737309688,-0.3128941542805304
1,45.0,60.0,0.6666666666666666,0.75,90,94.16523173101628,7.918297204716892,-0.5260261926686799
1,45.0,60.0,0.75,0.8333333333333333,86,97.29955886929804,8.013037191841688,-1.4101468143443108
1,45.0,60.0,0.8333333333333333,0.9166666666666666,107,109.84481134772527,8.510582306146498,-0.33426753251310365
1,45.0,60.0,0.9166666666666666,1.0,100,106.71830317582345,8.315732468599032,-0.8079027555530892
1,60.0,75.0,0.0,0.08333333333333333,79,77.78784277055203,7.275639339436982,0.16660490891536817
1,60.0,75.0,0.08333333333333333,0.16666666666666666,114,103.39641684489551,8.262922374442264,1.2832727544315357
1,60.0,75.0,0.16666666666666666,0.25,122,99.25560452242256,8.20792302676429,2.771029333902476
1,60.0,75.0,0.25,0.3333333333333333,68,67.1337376667227,6.824566340731359,0.12693294929337176
1,60.0,75.0,0.3333333333333333,0.41666666666666663,79,74.0959973367524,7.192620832154448,0.6818102577191839
1,60.0,75.0,0.41666666666666663,0.5,71,67.6090960922759,6.711507387828802,0.5052373053888666
1,60.0,75.0,0.5,0.5833333333333333,89,86.68211456113845,7.568765922321087,0.30624350952985135
1,60.0,75.0,0.5833333333333333,0.6666666666666666,120,102.29922176788376,8.364878774210242,2.116083055105294
1,60.0,75.0,0.6666666666666666,0.75,103,113.8412936111418,8.480529000335197,-1.2783746875593829
1,60.0,75.0,0.75,0.8333333333333333,108,96.71734388768786,7.9721732010951785,1.415254765258008
1,60.0,75.0,0.8333333333333333,0.9166666666666666,91,101.88174463643236,8.179318295427134,-1.3303975029943618
1,60.0,75.0,0.9166666666666666,1.0,102,104.57841899813438,8.24516689510247,-0.3127188364938897
1,75.0,90.0,0.0,0.08333333333333333,99,99.61046176655327,8.130343597025432,-0.07508437488135374
1,75.0,90.0,0.08333333333333333,0.16666666666666666,105,118.29007341339259,8.66425164618954,-1.5338974392828775
1,75.0,90.0,0.16666666666666666,0.25,110,109.47833431649772,8.409651029748426,0.06203178724740532
1,75.0,90.0,0.25,0.3333333333333333,106,104.19734523320922,8.09557031282705,0.2226717448101907
1,75.0,90.0,0.3333333333333333,0.41666666666666663,74,73.10090593156308,7.0975930760296535,0.1266759109469644
1,75.0,90.0,0.41666666666666663,0.5,126,115.79824267036318,8.435507311019046,1.2093827855866564
1,75.0,90.0,0.5,0.5833333333333333,113,117.2625175677078,8.721173352137273,-0.4887550557246062
1,75.0,90.0,0.5833333333333333,0.6666666666666666,109,104.31430834369817,8.13850155895089,0.5757437806408487
1,75.0,90.0,0.6666666666666666,0.75,80,70.935629194627,6.917998969584817,1.3102590568782637
1,75.0,90.0,0.75,0.8333333333333333,70,76.83940040522414,7.327056664473367,-0.9334444536762324
1,75.0,90.0,0.8333333333333333,0.9166666666666666,90,88.18581692634612,7.604429859289805,0.23856924282595854
1,75.0,90.0,0.9166666666666666,1.0,78,79.53750983573754,7.42057393143119,-0.20719554173904736
1,90.0,105.0,0.0,0.08333333333333333,100,103.74585399301498,8.387375851681185,-0.4466061923604089
1,90.0,105.0,0.08333333333333333,0.16666666666666666,75,81.75873092596517,7.404935339457663,-0.9127332807284414
1,90.0,105.0,0.16666666666666666,0.25,69,82.68161959433296,7.4904433818153136,-1.8265433562381734
1,90.0,105.0,0.25,0.3333333333333333,48,57.888196487924674,6.528546152228868,-1.514609264812934
1,90.0,105.0,0.3333333333333333,0.41666666666666663,82,79.89759054345336,7.440050576399317,0.28257999525106986
1,90.0,105.0,0.41666666666666663,0.5,83,78.63355223845903,7.119631948575305,0.6132968379657223
1,90.0,105.0,0.5,0.5833333333333333,71,72.25793691600884,7.03752995482028,-0.17874693593982283
1,90.0,105.0,0.5833333333333333,0.6666666666666666,118,107.33205973682892,8.126875437181608,1.3126742676974887
1,90.0,105.0,0.6666666666666666,0.75,75,76.25265189923914,7.194008062777451,-0.1741243390760836
1,90.0,105.0,0.75,0.8333333333333333,74,73.36344801618138,7.048170955165355,0.09031449263473296
1,90.0,105.0,0.8333333333333333,0.9166666666666666,90,104.4048504970708,8.382009721907853,-1.7185437591919266
1,90.0,105.0,0.9166666666666666,1.0,96,88.50508889452166,7.6911337955509556,0.9744871568628638
1,105.0,120.0,0.0,0.08333333333333333,80,80.21763293671272,7.292762969133842,-0.02984231595539794
1,105.0,120.0,0.08333333333333333,0.16666666666666666,84,86.66258207887324,7.4866767095512845,-0.355642721352773
1,105.0,120.0,0.16666666666666666,0.25,81,87.06211398240474,7.752475838825235,-0.7819584489441449
1,105.0,120.0,0.25,0.3333333333333333,88,94.63350391773496,8.042558490917674,-0.8248002081956954
1,105.0,120.0,0.3333333333333333,0.41666666666666663,82,84.67132812030869,7.5345243774006345,-0.3545450232162204
1,105.0,120.0,0.41666666666666663,0.5,58,64.94636440109878,6.690127177610624,-1.038300800072334
1,105.0,120.0,0.5,0.5833333333333333,94,87.74624519858814,7.737590535627685,0.8082302588404601
1,105.0,120.0,0.5833333333333333,0.6666666666666666,107,104.20260733048461,8.328606684072545,0.33587762943171096
1,105.0,120.0,0.6666666666666666,0.75,77,87.57648770214304,7.568887719345978,-1.3973635353461087
1,105.0,120.0,0.75,0.8333333333333333,88,83.72252669222667,7.498986846234254,0.5704068290133543
1,105.0,120.0,0.8333333333333333,0.9166666666666666,75,73.51406180206325,7.002756342752003,0.21219333148364122
1,105.0,120.0,0.9166666666666666,1.0,73,80.56406900163513,7.379956448722999,-1.0249476476170793
1,120.0,135.0,0.0,0.08333333333333333,84,92.48044458856258,7.789565892998378,-1.0886928366810777
1,120.0,135.0,0.08333333333333333,0.16666666666666666,104,95.68769618157484,7.938296364325722,1.0471143223853687
1,120.0,135.0,0.16666666666666666,0.25,74,80.3028660249661,7.438378084777821,-0.8473441324345312
1,120.0,135.0,0.25,0.3333333333333333,83,86.76377212910245,7.571826850837929,-0.49707583166484254
1,120.0,135.0,0.3333333333333333,0.41666666666666663,99,105.34044965934307,8.42980030394478,-0.75214707712305
1,120.0,135.0,0.41666666666666663,0.5,102,99.48280974216799,8.061763802762549,0.31223815524952986
1,120.0,135.0,0.5,0.5833333333333333,63,52.1976408528282,6.2396187543643995,1.7312530736939526
1,120.0,135.0,0.5833333333333333,0.6666666666666666,110,97.34441370126997,8.101561429376332,1.5621169337605418
1,120.0,135.0,0.6666666666666666,0.75,61,77.84836681322928,7.048246170799212,-2.3904339327749122
1,120.0,135.0,0.75,0.8333333333333333,99,92.41449380134812,7.801790826476917,0.8441018664974547
1,120.0,135.0,0.8333333333333333,0.9166666666666666,67,76.10964123921137,7.210699777669522,-1.2633505096721114
1,120.0,135.0,0.9166666666666666,1.0,79,91.11883749448937,7.684348194034198,-1.5770807345635276
1,135.0,150.0,0.0,0.08333333333333333,83,85.77170930770997,7.554029276428734,-0.3669179991608837
1,135.0,150.0,0.08333333333333333,0.16666666666666666,120,114.82933796274455,8.696249413475046,0.5945852966502305
1,135.0,150.0,0.16666666666666666,0.25,89,89.40238581955302,7.764940611435107,-0.05182084959676847
1,135.0,150.0,0.25,0.3333333333333333,111,92.95099799165148,7.830879851443614,2.3048498190176177
1,135.0,150.0,0.3333333333333333,0.41666666666666663,116,98.62521984506193,8.149817940434207,2.1319224897939706
1,135.0,150.0,0.41666666666666663,0.5,84,77.03122688209628,7.288794188499675,0.9560940997482295
1,135.0,150.0,0.5,0.5833333333333333,69,70.5239489023504,6.881124728608526,-0.22146799577902213
1,135.0,150.0,0.5833333333333333,0.6666666666666666,80,80.6652633027386,7.462311695453453,-0.08914976080989999
1,135.0,150.0,0.6666666666666666,0.75,93,92.4798435634489,7.831332092930681,0.0664199181414677
1,135.0,150.0,0.75,0.8333333333333333,86,85.33348116500869,7.516528770905051,0.08867375557335275
1,135.0,150.0,0.8333333333333333,0.9166666666666666,67,77.97627044568638,7.281397757105926,-1.5074400289387604
1,135.0,150.0,0.9166666666666666,1.0,115,100.50184102727574,8.186269436478838,1.771033690647782
1,150.0,165.0,0.0,0.08333333333333333,72,69.88587056159886,7.006874398850884,0.3017221828248912
1,150.0,165.0,0.08333333333333333,0.16666666666666666,90,87.94113816854447,7.578849942653046,0.2716588726567143
1,150.0,165.0,0.16666666666666666,0.25,84,91.23947828013618,7.795617941705264,-0.9286599643892467
1,150.0,165.0,0.25,0.3333333333333333,100,99.50693496003795,8.040562407311928,0.061322207948248
1,150.0,165.0,0.3333333333333333,0.41666666666666663,112,110.10761428961433,8.543179711793869,0.22150835803831062
1,150.0,165.0,0.41666666666666663,0.5,103,108.21947178968502,8.404901329901817,-0.6210033389822065
1,150.0,165.0,0.5,0.5833333333333333,95,97.22177257436114,8.010619097243405,-0.2773534164326563
1,150.0,165.0,0.5833333333333333,0.6666666666666666,85,83.95980144567798,7.463489630240972,0.13937160843733
1,150.0,165.0,0.6666666666666666,0.75,92,89.77871244279886,7.7110109561718545,0.2880669694060322
1,150.0,165.0,0.75,0.8333333333333333,105,103.16899556242998,8.12668300633668,0.22530772224563364
1,150.0,165.0,0.8333333333333333,0.9166666666666666,94,83.76249748364422,7.372334692842045,1.388637784757057
1,150.0,165.0,0.9166666666666666,1.0,90,88.28393868320381,7.624986773156172,0.22505761227515744
1,165.0,180.0,0.0,0.08333333333333333,87,84.06513756041672,7.4517783945832745,0.39384725151202116
1,165.0,180.0,0.08333333333333333,0.16666666666666666,95,86.07431941779816,7.500960177827363,1.1899384039640561
1,165.0,180.0,0.16666666666666666,0.25,110,111.15158844518186,8.292053836668412,-0.13887855383782025
1,165.0,180.0,0.25,0.3333333333333333,111,121.98202777002533,8.818532408397683,-1.2453350808766543
1,165.0,180.0,0.3333333333333333,0.41666666666666663,81,97.51902390535709,8.013972597644017,-2.0612778124813436
1,165.0,180.0,0.41666666666666663,0.5,84,80.37770829484123,7.345332748684887,0.4931419486485905
1,165.0,180.0,0.5,0.5833333333333333,73,82.9301475783228,7.563647783399493,-1.3128781062647106
1,165.0,180.0,0.5833333333333333,0.6666666666666666,75,85.76546766880739,7.587511951535426,-1.4188402914645644
1,165.0,180.0,0.6666666666666666,0.75,80,88.56290744889058,7.7284066532080695,-1.107978375508503
1,165.0,180.0,0.75,0.8333333333333333,78,65.1298222034868,6.63703418935929,1.9391459241157885
1,165.0,180.0,0.8333333333333333,0.9166666666666666,73,73.75490181857742,7.033649432280486,-0.10732718851651167
1,165.0,180.0,0.9166666666666666,1.0,68,78.19439675339596,7.266939441083851,-1.4028459760874914
1,180.0,195.0,0.0,0.08333333333333333,77,79.99036102390257,7.1525742559681005,-0.41808178662492196
1,180.0,195.0,0.08333333333333333,0.16666666666666666,87,83.60839041505109,7.582975211123778,0.4472663421045631
1,180.0,195.0,0.16666666666666666,0.25,91,90.30317829914527,7.6943617050699835,0.09056263892501648
1,180.0,195.0,0.25,0.3333333333333333,73,82.23058594937173,7.5457224105012575,-1.2232872410633175
1,180.0,195.0,0.3333333333333333,0.41666666666666663,98,101.43576213063255,8.036519120593669,-0.4275186905022569
1,180.0,195.0,0.41666666666666663,0.5,83,83.22703480451256,7.4394737961613515,-0.030517589110899506
1,180.0,195.0,0.5,0.5833333333333333,111,121.9053656406949,8.89528755396988,-1.2259711194865126
1,180.0,195.0,0.5833333333333333,0.6666666666666666,105,103.0019643985227,8.126255297723858,0.24587408692869175
1,180.0,195.0,0.6666666666666666,0.75,99,91.63344350909279,7.810168814670448,0.9432006741096348
1,180.0,195.0,0.75,0.8333333333333333,101,90.75112459490288,7.777601375383363,1.3177424388881012
1,180.0,195.0,0.8333333333333333,0.9166666666666666,91,98.52156174212968,7.985405105224338,-0.9419136090176317
1,180.0,195.0,0.9166666666666666,1.0,117,104.15867400717892,8.331376655674223,1.5413210233479582
1,195.0,210.0,0.0,0.08333333333333333,76,68.82724255072847,6.93166657976619,1.0347810828364268
1,195.0,210.0,0.08333333333333333,0.16666666666666666,128,112.16634937753207,8.717232434983728,1.81636210122433
1,195.0,210.0,0.16666666666666666,0.25,132,118.8102247657187,8.962601973242046,1.4716457646629326
1,195.0,210.0,0.25,0.3333333333333333,95,97.7712372027718,7.889583115075847,-0.35125267867149645
1,195.0,210.0,0.3333333333333333,0.41666666666666663,97,110.16419033191708,8.421403514586475,-1.563182468232969
1,195.0,210.0,0.41666666666666663,0.5,104,102.21426940904456,8.037432693828135,0.22217673963561563
1,195.0,210.0,0.5,0.5833333333333333,64,77.13796614102908,7.115046490856798,-1.8465046093391022
1,195.0,210.0,0.5833333333333333,0.6666666666666666,121,126.01958071432126,9.094838044042676,-0.5519153491258927
1,195.0,210.0,0.6666666666666666,0.75,101,100.85459594680307,8.07364778230377,0.018009709751722256
1,195.0,210.0,0.75,0.8333333333333333,92,102.08858043033017,7.994272329924901,-1.2619760766174626
1,195.0,210.0,0.8333333333333333,0.9166666666666666,104,97.99756634837514,8.050357524777143,0.7456108170538699
1,195.0,210.0,0.9166666666666666,1.0,86,88.50710029796072,7.7044136504133105,-0.3254109153168616
1,210.0,225.0,0.0,0.08333333333333333,102,93.05919103548474,7.814384421037449,1.1441475723212835
1,210.0,225.0,0.08333333333333333,0.16666666666666666,111,103.98903951245532,8.068754259329898,0.8689024677431348
1,210.0,225.0,0.16666666666666666,0.25,111,105.24819909664286,8.20913159523076,0.7006588744050279
1,210.0,225.0,0.25,0.3333333333333333,73,74.94309862387504,7.180541800221024,-0.27060612944488877
1,210.0,225.0,0.3333333333333333,0.41666666666666663,94,85.4771446828693,7.6535805927135625,1.113577522819152
1,210.0,225.0,0.41666666666666663,0.5,75,71.92556431708753,7.039475367397059,0.4367421608081114
1,210.0,225.0,0.5,0.5833333333333333,85,86.50872417769381,7.448608675349876,-0.20255113987753418
1,210.0,225.0,0.5833333333333333,0.6666666666666666,74,68.53330505507712,6.865304536300665,0.7962785796343681
1,210.0,225.0,0.6666666666666666,0.75,85,76.68477841249504,7.34647701160113,1.1318651884943014
1,210.0,225.0,0.75,0.8333333333333333,87,87.44513812340797,7.7819871152971345,-0.05720108717900074
1,210.0,225.0,0.8333333333333333,0.9166666666666666,91,81.10596723708275,7.4303508241841465,1.3315700694393007
1,210.0,225.0,0.9166666666666666,1.0,74,69.75503467822678,6.785276661051353,0.6256141840376308
1,225.0,240.0,0.0,0.08333333333333333,123,135.72216736859153,9.202920070513262,-1.3824055051128996
1,225.0,240.0,0.08333333333333333,0.16666666666666666,106,101.68207180976047,8.176482920650294,0.5280911404259514
1,225.0,240.0,0.16666666666666666,0.25,95,95.40828840746367,8.0050503625963,-0.05100385243938066
1,225.0,240.0,0.25,0.3333333333333333,57,68.6422754355423,7.014877432258836,-1.6596548618232114
1,225.0,240.0,0.3333333333333333,0.41666666666666663,80,79.49896577238445,7.486498140306823,0.06692504535839158
1,225.0,240.0,0.41666666666666663,0.5,111,103.07011914963991,8.201303012493783,0.9669049952525581
1,225.0,240.0,0.5,0.5833333333333333,93,83.60277123492813,7.495187827110222,1.2537682819744604
1,225.0,240.0,0.5833333333333333,0.6666666666666666,78,75.21515940129483,7.136797656188235,0.39020870884443115
1,225.0,240.0,0.6666666666666666,0.75,88,90.59052576446143,7.731379496512994,-0.33506643486195586
1,225.0,240.0,0.75,0.8333333333333333,101,84.77825869439643,7.63518783735226,2.1246027800710885
1,225.0,240.0,0.8333333333333333,0.9166666666666666,81,81.3220351941568,7.513184273828992,-0.042862677450699084
1,225.0,240.0,0.9166666666666666,1.0,110,102.83434311185567,8.148476960117202,0.8793860402645429
1,240.0,255.0,0.0,0.08333333333333333,118,107.7423358317892,8.190783551546007,1.25234223364072
1,240.0,255.0,0.08333333333333333,0.16666666666666666,112,110.68188045744817,8.448067487961932,0.15602616153695273
1,240.0,255.0,0.16666666666666666,0.25,108,103.3085926241931,8.107761518519405,0.5786316438996127
1,240.0,255.0,0.25,0.3333333333333333,107,116.25174993704138,8.700170412921816,-1.0633987034668124
1,240.0,255.0,0.3333333333333333,0.41666666666666663,93,99.4659005436712,8.077387596482314,-0.8004940293427398
1,240.0,255.0,0.41666666666666663,0.5,88,90.53040517289958,7.694678308484276,-0.32885132704112036
1,240.0,255.0,0.5,0.5833333333333333,81,73.38672089261543,7.003859052356609,1.0870120387164142
1,240.0,255.0,0.5833333333333333,0.6666666666666666,78,79.42133029571127,7.389750372160715,-0.19233806612275103
1,240.0,255.0,0.6666666666666666,0.75,78,84.20153890559283,7.47385713536768,-0.8297641757488236
1,240.0,255.0,0.75,0.8333333333333333,110,94.59294188310017,8.074142925577107,1.9081973478687957
1,240.0,255.0,0.8333333333333333,0.9166666666666666,100,104.68473686650742,8.272321197665937,-0.5663146720933945
1,240.0,255.0,0.9166666666666666,1.0,110,106.71077977447376,8.505655003549524,0.38670980943308897
1,255.0,270.0,0.0,0.08333333333333333,93,88.92053330090906,7.749677850330628,0.5264046813141915
1,255.0,270.0,0.08333333333333333,0.16666666666666666,89,103.4250185760559,8.193142453645695,-1.7606209897689766
1,255.0,270.0,0.16666666666666666,0.25,113,111.28999415690434,8.52252869584282,0.20064536056414536
1,255.0,270.0,0.25,0.3333333333333333,81,86.6869017745775,7.513724656551037,-0.7568685351837098
1,255.0,270.0,0.3333333333333333,0.41666666666666663,90,83.29988106781576,7.5389767802998415,0.8887305436053831
1,255.0,270.0,0.41666666666666663,0.5,69,75.10280549224372,7.12725325524685,-0.8562633140264846
1,255.0,270.0,0.5,0.5833333333333333,92,99.74454327698632,8.139928611218275,-0.9514264371204628
1,255.0,270.0,0.5833333333333333,0.6666666666666666,99,86.5023708559243,7.5465019336995915,1.6560824145908453
1,255.0,270.0,0.6666666666666666,0.75,61,72.44345582092811,7.227094987962571,-1.5834101862488725
1,255.0,270.0,0.75,0.8333333333333333,131,128.13399013814237,8.952110861075155,0.320149058287402
1,255.0,270.0,0.8333333333333333,0.9166666666666666,91,81.81417961225911,7.386353601659837,1.2436204497001988
1,255.0,270.0,0.9166666666666666,1.0,90,87.06340930208518,7.592052817193633,0.3867979805493925
1,270.0,285.0,0.0,0.08333333333333333,106,103.75500730680974,8.123167925296718,0.2763691104056859
1,270.0,285.0,0.08333333333333333,0.16666666666666666,82,88.27973560870387,7.654930520142399,-0.8203517448238128
1,270.0,285.0,0.16666666666666666,0.25,121,114.25514215728546,8.741559179221762,0.7715852177431596
1,270.0,285.0,0.25,0.3333333333333333,87,94.74295744928023,7.898723737837417,-0.980279562404364
1,270.0,285.0,0.3333333333333333,0.41666666666666663,70,64.82610904259269,6.665290525103501,0.7762438768304053
1,270.0,285.0,0.41666666666666663,0.5,74,80.38105501944325,7.25997489729174,-0.878936237344793
1,270.0,285.0,0.5,0.5833333333333333,96,104.95747532912438,8.213871404571993,-1.090530261301447
1,270.0,285.0,0.5833333333333333,0.6666666666666666,139,147.3966377678518,9.486665316746048,-0.885098977090493
1,270.0,285.0,0.6666666666666666,0.75,107,107.11133543306947,8.36357799273809,-0.01331193816404182
1,270.0,285.0,0.75,0.8333333333333333,111,104.41861728488007,8.20970239078029,0.8016591103851698
1,270.0,285.0,0.8333333333333333,0.9166666666666666,115,115.8415344695868,8.709105707713329,-0.09662696697337005
1,270.0,285.0,0.9166666666666666,1.0,55,54.69378771426606,6.176144530742038,0.049579844546991464
1,285.0,300.0,0.0,0.08333333333333333,79,87.01692470553694,7.69391720507861,-1.041982190846181
1,285.0,300.0,0.08333333333333333,0.16666666666666666,117,116.42838378245068,8.631542968163652,0.06622410612536522
1,285.0,300.0,0.16666666666666666,0.25,109,99.34253973319387,8.079540151829272,1.195298257738047
1,285.0,300.0,0.25,0.3333333333333333,89,90.95759672745177,7.772070299803664,-0.251875838989931
1,285.0,300.0,0.3333333333333333,0.41666666666666663,74,82.73811563202631,7.426115610180549,-1.1766737943114058
1,285.0,300.0,0.41666666666666663,0.5,73,74.99188158449485,7.171362962718425,-0.2777549532564438
1,285.0,300.0,0.5,0.5833333333333333,82,88.3439022464174,7.788720426621432,-0.8144986466241977
1,285.0,300.0,0.5833333333333333,0.6666666666666666,68,64.9452057841436,6.700138390874474,0.4559300178063494
1,285.0,300.0,0.6666666666666666,0.75,65,72.88462129205958,7.120455003183954,-1.1073198676958034
1,285.0,300.0,0.75,0.8333333333333333,76,76.89808562327255,7.298221181954132,-0.12305541321400232
1,285.0,300.0,0.8333333333333333,0.9166666666666666,101,108.56119369800527,8.380109180947468,-0.9022786618575284
1,285.0,300.0,0.9166666666666666,1.0,95,93.6686524785336,7.987985933246922,0.16666873634881801
1,300.0,315.0,0.0,0.08333333333333333,90,92.754227967621,7.793359917873019,-0.353407002454045
1,300.0,315.0,0.08333333333333333,0.16666666666666666,82,89.78919243066296,7.68839633461791,-1.0131101586934597
1,300.0,315.0,0.16666666666666666,0.25,86,73.30798650178588,7.11369103400582,1.7841670994062095
1,300.0,315.0,0.25,0.3333333333333333,92,90.19523855661177,7.791139372035396,0.2316428133561607
1,300.0,315.0,0.3333333333333333,0.41666666666666663,114,119.50012709803214,8.807628772179257,-0.6244730835392885
1,300.0,315.0,0.41666666666666663,0.5,102,111.52618911213321,8.53629311288732,-1.115963215666931
1,300.0,315.0,0.5,0.5833333333333333,103,101.1694412877447,8.214020495017838,0.22285782137573315
1,300.0,315.0,0.5833333333333333,0.6666666666666666,72,75.96107386923582,7.152700095916784,-0.5537872154736434
1,300.0,315.0,0.6666666666666666,0.75,64,65.8187263338603,6.713586098846368,-0.2709023623265693
1,300.0,315.0,0.75,0.8333333333333333,115,107.53203921319164,8.389994293876464,0.8901032021271982
1,300.0,315.0,0.8333333333333333,0.9166666666666666,116,114.36449212622938,8.482395599910456,0.19281202515335244
1,300.0,315.0,0.9166666666666666,1.0,133,133.6350292247301,9.153052658705182,-0.06937895458583793
1,315.0,330.0,0.0,0.08333333333333333,89,105.15204546315661,8.170873223870005,-1.9767832666857177
1,315.0,330.0,0.08333333333333333,0.16666666666666666,120,109.30963209553252,8.349253311394602,1.2803980794160184
1,315.0,330.0,0.16666666666666666,0.25,78,74.86290046882692,7.0073645433997855,0.44768607537735455
1,315.0,330.0,0.25,0.3333333333333333,94,98.46325292593274,8.067713394554795,-0.5532240311046689
1,315.0,330.0,0.3333333333333333,0.41666666666666663,106,107.07847172671323,8.507894682594298,-0.1267612925345211
1,315.0,330.0,0.41666666666666663,0.5,119,118.24295214194657,8.606739779337781,0.08795988695636786
1,315.0,330.0,0.5,0.5833333333333333,80,85.53993261834562,7.48773325371914,-0.7398677851663512
1,315.0,330.0,0.5833333333333333,0.6666666666666666,101,100.07158319213808,8.087367864381356,0.1147983897147655
1,315.0,330.0,0.6666666666666666,0.75,109,111.69625905152216,8.441221237794608,-0.3194157546126109
1,315.0,330.0,0.75,0.8333333333333333,90,77.36862626151303,7.238977334277219,1.7449113535245184
1,315.0,330.0,0.8333333333333333,0.9166666666666666,73,81.55668271375185,7.490555885942286,-1.142329467137465
1,315.0,330.0,0.9166666666666666,1.0,94,97.08564927738915,7.989053777739581,-0.3862346359448595
1,330.0,345.0,0.0,0.08333333333333333,110,104.97298936671487,8.185559318424755,0.6141315990429519
1,330.0,345.0,0.08333333333333333,0.16666666666666666,97,99.16496063268104,8.038182052116463,-0.26933461056794644
1,330.0,345.0,0.16666666666666666,0.25,111,103.36043307273793,8.247676412422448,0.9262689932591848
1,330.0,345.0,0.25,0.3333333333333333,99,107.43453241022918,8.188504941821298,-1.030045468636325
1,330.0,345.0,0.3333333333333333,0.41666666666666663,74,83.41022119846562,7.574969264818699,-1.2422784660223762
1,330.0,345.0,0.41666666666666663,0.5,87,81.82782556892248,7.298256469081282,0.7086863078858895
1,330.0,345.0,0.5,0.5833333333333333,83,92.22590139858283,7.986180137303829,-1.1552333205568717
1,330.0,345.0,0.5833333333333333,0.6666666666666666,85,80.25204021036966,7.282546535231292,0.651964222495634
1,330.0,345.0,0.6666666666666666,0.75,104,93.90728635432379,7.797571371245442,1.2943406562323245
1,330.0,345.0,0.75,0.8333333333333333,91,91.03555047720118,7.860633076250973,-0.004522597207671654
1,330.0,345.0,0.8333333333333333,0.9166666666666666,63,68.021414215807,6.804718797831734,-0.737931186430074
1,330.0,345.0,0.9166666666666666,1.0,79,83.04339181008999,7.4619402191993895,-0.5418686951801674
1,345.0,360.0,0.0,0.08333333333333333,81,74.0311764845472,7.1566531093992065,0.9737545482399136
1,345.0,360.0,0.08333333333333333,0.16666666666666666,90,84.76727096986262,7.448480896932485,0.7025229845581503
1,345.0,360.0,0.16666666666666666,0.25,108,95.50043972322854,7.990873519911325,1.5642295232962427
1,345.0,360.0,0.25,0.3333333333333333,105,106.0238835059253,8.27528713909938,-0.12372785242552074
1,345.0,360.0,0.3333333333333333,0.41666666666666663,59,58.03664025922498,6.357507967893472,0.15153103159919798
1,345.0,360.0,0.41666666666666663,0.5,84,81.98407002028159,7.432766493166318,0.2712220250120668
1,345.0,360.0,0.5,0.5833333333333333,111,99.80628506209726,8.010205936556103,1.3974316049501407
1,345.0,360.0,0.5833333333333333,0.6666666666666666,86,92.72099838024361,7.756265834207582,-0.8665250165359069
1,345.0,360.0,0.6666666666666666,0.75,104,99.04325763467867,7.918938738344112,0.6259351826173883
1,345.0,360.0,0.75,0.8333333333333333,98,102.07746745983654,8.11174824803925,-0.5026619829852504
1,345.0,360.0,0.8333333333333333,0.9166666666666666,96,99.7523472532952,8.134013604875992,-0.46131558607743506
1,345.0,360.0,0.9166666666666666,1.0,80,81.34389872959505,7.5286397536121,-0.17850485261302038
2,0.0,15.0,0.0,0.08333333333333333,326,300.6764138137392,13.723696500480658,1.8452452796062537
2,0.0,15.0,0.08333333333333333,0.16666666666666666,213,212.08844477034572,11.901948664301388,0.07658873814406499
2,0.0,15.0,0.16666666666666666,0.25,216,236.70082282016023,12.314682531488204,-1.680987127944952
2,0.0,15.0,0.25,0.3333333333333333,331,318.94824265179426,14.153870438412953,0.8514813951876954
2,0.0,15.0,0.3333333333333333,0.41666666666666663,257,298.37608021900184,13.703151552156248,-3.019457243942627
2,0.0,15.0,0.41666666666666663,0.5,263,259.13066766964465,13.042542960087673,0.29667008513570875
2,0.0,15.0,0.5,0.5833333333333333,230,235.50599999032255,12.337002974148119,-0.44629964034703046
2,0.0,15.0,0.5833333333333333,0.6666666666666666,334,327.5932994743963,14.234022995972328,0.450097665812156
2,0.0,15.0,0.6666666666666666,0.75,309,289.61184376899035,13.350945861488213,1.4521934574640296
2,0.0,15.0,0.75,0.8333333333333333,304,294.89395694394057,13.632089905831243,0.6679858421535385
2,0.0,15.0,0.8333333333333333,0.9166666666666666,263,247.24698490367638,12.473394678951042,1.2629292587772412
2,0.0,15.0,0.9166666666666666,1.0,253,262.99354153612035,12.869485294988083,-0.7765300093246348
2,15.0,30.0,0.0,0.08333333333333333,292,297.91604532512895,13.77179193673968,-0.429577018902415
2,15.0,30.0,0.08333333333333333,0.16666666666666666,250,258.70495216386905,12.776839594321899,-0.6813071495190081
2,15.0,30.0,0.16666666666666666,0.25,266,256.9933966084724,12.837367175904953,0.7015927228779846
2,15.0,30.0,0.25,0.3333333333333333,283,289.0170631982649,13.40072256375169,-0.4490103551983662
2,15.0,30.0,0.3333333333333333,0.41666666666666663,318,312.9576174112842,13.778180413170709,0.36596868653974907
2,15.0,30.0,0.41666666666666663,0.5,309,315.6894399619717,14.093564053023199,-0.4746450178822397
2,15.0,30.0,0.5,0.5833333333333333,403,378.2906016149721,15.375765968941511,1.6070352810351032
2,15.0,30.0,0.5833333333333333,0.6666666666666666,279,271.05678057733957,13.079053772864565,0.607323707097254
2,15.0,30.0,0.6666666666666666,0.75,306,301.66894027492344,13.59561941901844,0.31856288349892964
2,15.0,30.0,0.75,0.8333333333333333,238,222.08376336011113,12.099532404256006,1.3154422921575328
2,15.0,30.0,0.8333333333333333,0.9166666666666666,236,242.3612121960771,12.308758889319797,-0.5168037048476652
2,15.0,30.0,0.9166666666666666,1.0,256,256.35640344681167,12.730023354757682,-0.02799707721498151
2,30.0,45.0,0.0,0.08333333333333333,273,281.5832650756329,13.283181679589049,-0.646175387996231
2,30.0,45.0,0.08333333333333333,0.16666666666666666,230,241.09016867854953,12.336293078818588,-0.8989871274695433
2,30.0,45.0,0.16666666666666666,0.25,322,322.8954980761248,14.19280907129967,-0.06309519642137991
2,30.0,45.0,0.25,0.3333333333333333,354,359.04210251692695,14.78107599815477,-0.34111877359648163
2,30.0,45.0,0.3333333333333333,0.41666666666666663,308,326.33701562983157,14.18575248675762,-1.2926360901157092
2,30.0,45.0,0.41666666666666663,0.5,320,333.09370923983505,14.243577050813919,-0.9192711348506967
2,30.0,45.0,0.5,0.5833333333333333,214,236.32869002556586,12.219626543020206,-1.8272808867730828
2,30.0,45.0,0.5833333333333333,0.6666666666666666,297,277.98462242724406,13.385348753511533,1.4206112909659836
2,30.0,45.0,0.6666666666666666,0.75,220,226.5242941185573,12.08196880960976,-0.5400025626094977
2,30.0,45.0,0.75,0.8333333333333333,229,235.6918655390316,12.220933502648382,-0.5475740079578545
2,30.0,45.0,0.8333333333333333,0.9166666666666666,331,320.01522921721346,14.110583160615693,0.7784774490005725
2,30.0,45.0,0.9166666666666666,1.0,286,296.5240248899309,13.627785781063917,-0.7722476019952005
2,45.0,60.0,0.0,0.08333333333333333,267,285.5802047208553,13.415032648581274,-1.385028662067422
2,45.0,60.0,0.08333333333333333,0.16666666666666666,284,273.28899733165673,12.93995077258102,0.8277467864127616
2,45.0,60.0,0.16666666666666666,0.25,320,310.8857670853168,13.796150878387289,0.6606359262829857
2,45.0,60.0,0.25,0.3333333333333333,317,325.6955373494917,14.228610872353208,-0.6111304488892515
2,45.0,60.0,0.3333333333333333,0.41666666666666663,290,291.8823809305974,13.515077209640326,-0.13928007227769834
2,45.0,60.0,0.41666666666666663,0.5,243,248.3320132315543,12.5770405916471,-0.4239481611513201
2,45.0,60.0,0.5,0.5833333333333333,216,206.98249745926574,11.518139665500367,0.7828957455468153
2,45.0,60.0,0.5833333333333333,0.6666666666666666,279,290.90641551175605,13.56354735293746,-0.8778245986790083
2,45.0,60.0,0.6666666666666666,0.75,301,318.53960137704166,14.205556680344404,-1.2347000382822326
2,45.0,60.0,0.75,0.8333333333333333,249,257.17466351025837,12.80293633939873,-0.6384991140745045
2,45.0,60.0,0.8333333333333333,0.9166666666666666,265,249.65678091015315,12.641294079636276,1.2137380076113473
2,45.0,60.0,0.9166666666666666,1.0,302,298.53908235818506,13.67686805073094,0.25304898965008155
2,60.0,75.0,0.0,0.08333333333333333,255,267.00265801676136,12.885080719480184,-0.9315159352176395
2,60.0,75.0,0.08333333333333333,0.16666666666666666,291,276.9810224197244,13.161055948039573,1.0651863828877506
2,60.0,75.0,0.16666666666666666,0.25,278,273.87219011897156,13.320994055048704,0.30987251131337196
2,60.0,75.0,0.25,0.3333333333333333,325,332.6514596845178,14.330869790206712,-0.5339145353024278
2,60.0,75.0,0.3333333333333333,0.41666666666666663,278,278.6679850883535,13.117832372861304,-0.050921910675991694
2,60.0,75.0,0.41666666666666663,0.5,266,266.8583122435825,13.264525694936097,-0.06470734523965274
2,60.0,75.0,0.5,0.5833333333333333,232,252.8376120791595,12.77582973834586,-1.6310182982962507
2,60.0,75.0,0.5833333333333333,0.6666666666666666,262,283.6893411625842,13.410960108155791,-1.6172847423052097
2,60.0,75.0,0.6666666666666666,0.75,206,220.57802884581747,11.925448917504914,-1.2224301950108507
2,60.0,75.0,0.75,0.8333333333333333,288,282.78335137640687,13.293837374967483,0.3924110455432655
2,60.0,75.0,0.8333333333333333,0.9166666666666666,269,273.7507644938901,13.178096765479507,-0.3605045992934936
2,60.0,75.0,0.9166666666666666,1.0,260,263.52570306769314,13.133977297535782,-0.2684413858667657
2,75.0,90.0,0.0,0.08333333333333333,245,253.4519412086625,12.704637962306036,-0.6652642313570013
2,75.0,90.0,0.08333333333333333,0.16666666666666666,295,264.03270843895245,13.122234643714835,2.359909908780664
2,75.0,90.0,0.16666666666666666,0.25,277,252.67352437985238,12.727747500442014,1.9112946434003975
2,75.0,90.0,0.25,0.3333333333333333,252,245.84324760554176,12.563428763044893,0.49005351250673046
2,75.0,90.0,0.3333333333333333,0.41666666666666663,286,246.14793474634686,12.650531005549233,3.1502286533404633
2,75.0,90.0,0.41666666666666663,0.5,232,260.787040276377,13.011256246538066,-2.212472011227697
2,75.0,90.0,0.5,0.5833333333333333,240,253.8499974822772,12.786286709466022,-1.0831915314415461
2,75.0,90.0,0.5833333333333333,0.6666666666666666,248,254.16348926434105,12.937563162243269,-0.4764026414439822
2,75.0,90.0,0.6666666666666666,0.75,260,257.24394428883204,12.800432122869669,0.2153095836697498
2,75.0,90.0,0.75,0.8333333333333333,257,255.84499574213257,12.714099209259409,0.09084436410770391
2,75.0,90.0,0.8333333333333333,0.9166666666666666,244,255.23991392977746,12.724235526363998,-0.8833468939245036
2,75.0,90.0,0.9166666666666666,1.0,304,320.98136643942723,14.202817522758885,-1.1956336418612676
2,90.0,105.0,0.0,0.08333333333333333,247,267.7216567258128,13.186680395178428,-1.5714081258380588
2,90.0,105.0,0.08333333333333333,0.16666666666666666,287,302.9860138542407,13.663389670740624,-1.1699888709515356
2,90.0,105.0,0.16666666666666666,0.25,270,280.4928848694226,13.129426219574045,-0.7991883798988296
2,90.0,105.0,0.25,0.3333333333333333,240,243.03247896960644,12.561623250970067,-0.2414082088771658
2,90.0,105.0,0.3333333333333333,0.41666666666666663,318,307.72187414241273,13.724438878915523,0.7488922460339906
2,90.0,105.0,0.41666666666666663,0.5,262,262.4474461599671,13.003119774370493,-0.03441067741674141
2,90.0,105.0,0.5,0.5833333333333333,236,216.0995764647454,11.885481761274885,1.674347235977752
2,90.0,105.0,0.5833333333333333,0.6666666666666666,331,325.6618669507008,14.14819513581705,0.37730134466306353
2,90.0,105.0,0.6666666666666666,0.75,342,329.9334305237439,14.279548510775767,0.8450245795341731
2,90.0,105.0,0.75,0.8333333333333333,301,278.7197076421451,13.184218980639447,1.6899212907926278
2,90.0,105.0,0.8333333333333333,0.9166666666666666,278,278.4037952923035,13.315617193511333,-0.030324939988534378
2,90.0,105.0,0.9166666666666666,1.0,240,227.67433464508105,12.33545669706545,0.9992062440502243
2,105.0,120.0,0.0,0.08333333333333333,288,279.8578243362688,13.289270974248007,0.6126879103834332
2,105.0,120.0,0.08333333333333333,0.16666666666666666,220,216.2608985053362,11.927898310288038,0.31347529945311103
2,105.0,120.0,0.16666666666666666,0.25,278,279.3795981456483,13.337243062148211,-0.1034395293854739
2,105.0,120.0,0.25,0.3333333333333333,349,330.02715937419435,14.284535039018223,1.3282084837890284
2,105.0,120.0,0.3333333333333333,0.41666666666666663,319,330.3604061810038,14.464939147737041,-0.7853753178616761
2,105.0,120.0,0.41666666666666663,0.5,252,248.85758228909566,12.680754167616819,0.2478100016266553
2,105.0,120.0,0.5,0.5833333333333333,249,244.82095858988137,12.46771437126913,0.33518905596272736
2,105.0,120.0,0.5833333333333333,0.6666666666666666,267,271.87601799343,13.05923192928658,-0.3733770883182714
2,105.0,120.0,0.6666666666666666,0.75,245,249.02335679992294,12.461580968426416,-0.32286086413247334
2,105.0,120.0,0.75,0.8333333333333333,250,239.38426168186047,12.366015793260706,0.8584606793018131
2,105.0,120.0,0.8333333333333333,0.9166666666666666,274,284.1751240250151,13.284284139316263,-0.7659520015008375
2,105.0,120.0,0.9166666666666666,1.0,283,283.9117934928115,13.525316942436657,-0.0674138356011972
2,120.0,135.0,0.0,0.08333333333333333,242,260.1221610695744,12.92318180596451,-1.4022987017957445
2,120.0,135.0,0.08333333333333333,0.16666666666666666,297,305.1213922420251,13.945581449888724,-0.5823631141668807
2,120.0,135.0,0.16666666666666666,0.25,258,265.87518462913033,12.992482525621675,-0.6061339404228687
2,120.0,135.0,0.25,0.3333333333333333,246,250.74000149072066,12.590566378111681,-0.3764724594884792
2,120.0,135.0,0.3333333333333333,0.41666666666666663,284,281.41993772300964,13.495469749059414,0.19117987924578783
2,120.0,135.0,0.41666666666666663,0.5,346,355.7239142781268,14.82048661186137,-0.6561130233297747
2,120.0,135.0,0.5,0.5833333333333333,302,302.0649326915755,13.688274303614323,-0.004743672586862297
2,120.0,135.0,0.5833333333333333,0.6666666666666666,320,302.4215228017738,13.862097565200747,1.2680964850770506
2,120.0,135.0,0.6666666666666666,0.75,243,246.45339340108927,12.55602351030368,-0.27503878104842355
2,120.0,135.0,0.75,0.8333333333333333,215,215.17290251016328,11.836263167283747,-0.014607862947927467
2,120.0,135.0,0.8333333333333333,0.9166666666666666,234,228.79346148291228,12.170132791972998,0.42781279432889807
2,120.0,135.0,0.9166666666666666,1.0,217,226.22647148098437,12.117205848704305,-0.7614355649467621
2,135.0,150.0,0.0,0.08333333333333333,258,243.21305648357315,12.715342739609236,1.1629213477954015
2,135.0,150.0,0.08333333333333333,0.16666666666666666,257,247.03073179479134,12.81431999620961,0.7779787150748152
2,135.0,150.0,0.16666666666666666,0.25,281,292.2168464888239,13.544684544126667,-0.8281364141247421
2,135.0,150.0,0.25,0.3333333333333333,301,284.25563289052945,13.388462883229518,1.2506564237814526
2,135.0,150.0,0.3333333333333333,0.41666666666666663,352,343.73506219263817,14.653458020191703,0.5640264431762918
2,135.0,150.0,0.41666666666666663,0.5,236,259.14108185742,12.9465090268239,-1.7874379733929755
2,135.0,150.0,0.5,0.5833333333333333,247,246.27505677589318,12.660025467794354,0.05726238276147196
2,135.0,150.0,0.5833333333333333,0.6666666666666666,294,303.04339000017603,13.873303706889436,-0.6518555487028742
2,135.0,150.0,0.6666666666666666,0.75,328,321.71023313136834,14.036880266150122,0.4480886599709342
2,135.0,150.0,0.75,0.8333333333333333,301,301.93241091541233,13.800943054546325,-0.06756139140108816
2,135.0,150.0,0.8333333333333333,0.9166666666666666,268,280.11234588067407,13.276394363034733,-0.9123219414450578
2,135.0,150.0,0.9166666666666666,1.0,302,309.96371241128537,13.918114478666727,-0.5721832812549368
2,150.0,165.0,0.0,0.08333333333333333,292,303.0511579230881,13.875254763457196,-0.7964652261516081
2,150.0,165.0,0.08333333333333333,0.16666666666666666,237,246.4062152573555,12.610618100420533,-0.7458964487269533
2,150.0,165.0,0.16666666666666666,0.25,275,265.05798126825977,13.01025379250073,0.7641679317178989
2,150.0,165.0,0.25,0.3333333333333333,227,229.2324886701877,12.194315639670577,-0.18307617550303262
2,150.0,165.0,0.3333333333333333,0.41666666666666663,260,243.90946934276724,12.596729365712836,1.2773578117054525
2,150.0,165.0,0.41666666666666663,0.5,282,288.82987207991096,13.368955839130932,-0.510875506067566
2,150.0,165.0,0.5,0.5833333333333333,344,323.0364575709432,14.018317886657206,1.495439224488564
2,150.0,165.0,0.5833333333333333,0.6666666666666666,310,304.7135305112716,13.86511044827655,0.38127857029696643
2,150.0,165.0,0.6666666666666666,0.75,327,299.9274572664123,13.763750655207915,1.966945159918601
2,150.0,165.0,0.75,0.8333333333333333,302,288.31356364801184,13.578609382129509,1.0079409434960669
2,150.0,165.0,0.8333333333333333,0.9166666666666666,282,281.40138455420544,13.277006756641113,0.0450866265843496
2,150.0,165.0,0.9166666666666666,1.0,298,305.3363642755634,13.66408307364651,-0.5369086411449622
2,165.0,180.0,0.0,0.08333333333333333,354,341.8385738729853,14.283749899698657,0.8514169046933019
2,165.0,180.0,0.08333333333333333,0.16666666666666666,247,262.07305986521266,12.99323951870478,-1.1600694225265233
2,165.0,180.0,0.16666666666666666,0.25,310,319.3051696967251,13.93399910609009,-0.6678032362337472
2,165.0,180.0,0.25,0.3333333333333333,220,258.1879899725222,12.834138065033468,-2.9755009474742318
2,165.0,180.0,0.3333333333333333,0.41666666666666663,343,350.5843606115808,14.577729647682949,-0.5202703572422394
2,165.0,180.0,0.41666666666666663,0.5,302,331.39710712209177,14.305347023930281,-2.054973365757271
2,165.0,180.0,0.5,0.5833333333333333,299,298.5123503414461,13.706127942045388,0.035578951299437445
2,165.0,180.0,0.5833333333333333,0.6666666666666666,209,197.36149746309,11.406666315118702,1.0203246255642655
2,165.0,180.0,0.6666666666666666,0.75,186,186.2445196579619,11.160416757943741,-0.021909545428744338
2,165.0,180.0,0.75,0.8333333333333333,261,273.32691978144106,13.237452353814271,-0.9312154221192838
2,165.0,180.0,0.8333333333333333,0.9166666666666666,232,243.46370226131296,12.693295339360326,-0.9031305074707786
2,165.0,180.0,0.9166666666666666,1.0,298,282.85533205313135,13.22231716473505,1.1453868303250703
2,180.0,195.0,0.0,0.08333333333333333,297,262.06621015915306,12.959687588638463,2.695573454368823
2,180.0,195.0,0.08333333333333333,0.16666666666666666,229,224.4343443620207,12.129812226406285,0.3763995313991734
2,180.0,195.0,0.16666666666666666,0.25,242,262.69036752624265,13.076986913475995,-1.5821968518543805
2,180.0,195.0,0.25,0.3333333333333333,257,265.6081971809785,13.063872500069657,-0.658931506024159
2,180.0,195.0,0.3333333333333333,0.41666666666666663,215,230.34192205180878,12.423084049590338,-1.2349527694223958
2,180.0,195.0,0.41666666666666663,0.5,293,282.9466361908476,13.307374512445918,0.7554731250518169
2,180.0,195.0,0.5,0.5833333333333333,302,293.3405282677195,13.557398108201074,0.6387266688762546
2,180.0,195.0,0.5833333333333333,0.6666666666666666,269,267.92765811047445,13.186726045383486,0.08131979733521197
2,180.0,195.0,0.6666666666666666,0.75,245,230.9512941604078,12.19452699304788,1.1520500834186838
2,180.0,195.0,0.75,0.8333333333333333,316,296.6981937571383,13.629459126082308,1.416182848072406
2,180.0,195.0,0.8333333333333333,0.9166666666666666,236,240.60096212718824,12.496079300423945,-0.3681924559355306
2,180.0,195.0,0.9166666666666666,1.0,339,329.11580217424483,14.183809774462343,0.6968648045147545
2,195.0,210.0,0.0,0.08333333333333333,258,281.41500762853144,13.34615453258445,-1.7544385217003164
2,195.0,210.0,0.08333333333333333,0.16666666666666666,236,222.02476300239246,12.049335904673491,1.1598346255902006
2,195.0,210.0,0.16666666666666666,0.25,238,227.16100971526637,12.074098198243362,0.8977059906892731
2,195.0,210.0,0.25,0.3333333333333333,266,256.58123630094883,12.740182909061414,0.7392957986774353
2,195.0,210.0,0.3333333333333333,0.41666666666666663,325,295.70780719317344,13.7580433512336,2.129095835724352
2,195.0,210.0,0.41666666666666663,0.5,213,204.25321299194187,11.47189573130433,0.7624534961723927
2,195.0,210.0,0.5,0.5833333333333333,300,287.50857293136545,13.472656970310188,0.9271687905482947
2,195.0,210.0,0.5833333333333333,0.6666666666666666,299,285.7702680985927,13.324201099232168,0.9929099540661922
2,195.0,210.0,0.6666666666666666,0.75,284,284.27781656125524,13.462038627976346,-0.02063703491965079
2,195.0,210.0,0.75,0.8333333333333333,282,288.50044024394305,13.512944287775465,-0.48105284129852394
2,195.0,210.0,0.8333333333333333,0.9166666666666666,346,333.8516496316322,14.311529290548629,0.8488506100036844
2,195.0,210.0,0.9166666666666666,1.0,274,297.47087275166604,13.821005640967506,-1.6982029644858039
2,210.0,225.0,0.0,0.08333333333333333,240,236.06597520759115,12.379199301077763,0.31779315420395104
2,210.0,225.0,0.08333333333333333,0.16666666666666666,306,303.69437776125477,13.874338135479809,0.16617889921892806
2,210.0,225.0,0.16666666666666666,0.25,210,236.0166699691617,12.318150488703523,-2.112059760352867
2,210.0,225.0,0.25,0.3333333333333333,274,252.17907227580454,12.88122253145001,1.6940106166878808
2,210.0,225.0,0.3333333333333333,0.41666666666666663,293,278.6894410381183,13.274500157836052,1.0780487997082195
2,210.0,225.0,0.41666666666666663,0.5,215,232.24508535416052,12.257358552090363,-1.4069169373543011
2,210.0,225.0,0.5,0.5833333333333333,230,238.50936818125274,12.395049068944775,-0.6865134727520014
2,210.0,225.0,0.5833333333333333,0.6666666666666666,273,280.56521193559166,13.2278073404761,-0.5719173057837545
2,210.0,225.0,0.6666666666666666,0.75,298,267.2827895668947,13.08139428618683,2.3481602771916186
2,210.0,225.0,0.75,0.8333333333333333,305,300.7605960572841,13.675181640295639,0.31000713951937386
2,210.0,225.0,0.8333333333333333,0.9166666666666666,310,289.37892180952144,13.358451154967966,1.5436728368625012
2,210.0,225.0,0.9166666666666666,1.0,288,278.7444753405629,13.344725932639303,0.6935717305965371
2,225.0,240.0,0.0,0.08333333333333333,331,324.7815477085915,14.282928700645273,0.4353765548887425
2,225.0,240.0,0.08333333333333333,0.16666666666666666,261,282.24183056107177,13.376387842172004,-1.5880094694998468
2,225.0,240.0,0.16666666666666666,0.25,232,245.41495668668324,12.672405455631921,-1.0585959180087086
2,225.0,240.0,0.25,0.3333333333333333,247,252.4553793860246,12.810654512885305,-0.42584704634235665
2,225.0,240.0,0.3333333333333333,0.41666666666666663,210,215.72761167916323,11.82267498797979,-0.4844598777338074
2,225.0,240.0,0.41666666666666663,0.5,256,256.6417658345576,13.015149452674715,-0.04930914062040992
2,225.0,240.0,0.5,0.5833333333333333,297,278.66689621369625,13.306647258345564,1.3777402699846675
2,225.0,240.0,0.5833333333333333,0.6666666666666666,261,266.3116884016028,13.161035051899843,-0.4035919956642037
2,225.0,240.0,0.6666666666666666,0.75,269,268.24527723407186,13.171667934254147,0.057298951787678264
2,225.0,240.0,0.75,0.8333333333333333,280,291.5451086722816,13.599008042633233,-0.8489669714208099
2,225.0,240.0,0.8333333333333333,0.9166666666666666,351,336.8311431832817,14.361612671588606,0.986578397616053
2,225.0,240.0,0.9166666666666666,1.0,277,271.7414835917008,13.07598376322304,0.40215072942267616
2,240.0,255.0,0.0,0.08333333333333333,267,288.6325854219708,13.5000661051496,-1.6024058884955437
2,240.0,255.0,0.08333333333333333,0.16666666666666666,267,268.6600211928492,13.115993726676313,-0.12656465285378213
2,240.0,255.0,0.16666666666666666,0.25,269,286.08531373498676,13.535096843339241,-1.2622971178366271
2,240.0,255.0,0.25,0.3333333333333333,321,323.41327452500843,14.249504025346027,-0.16935849280900359
2,240.0,255.0,0.3333333333333333,0.41666666666666663,249,257.50481200185334,12.747864038161453,-0.667155844806134
2,240.0,255.0,0.41666666666666663,0.5,303,318.5855185207202,14.143950743747443,-1.101921153650088
2,240.0,255.0,0.5,0.5833333333333333,268,255.85234750039285,12.911356631953844,0.9408502023360866
2,240.0,255.0,0.5833333333333333,0.6666666666666666,316,314.84300018741703,14.015462993579082,0.08255166547926562
2,240.0,255.0,0.6666666666666666,0.75,236,223.34968366718786,12.125786737455797,1.0432573660343294
2,240.0,255.0,0.75,0.8333333333333333,316,310.220811477714,13.80094738574842,0.4187530291039221
2,240.0,255.0,0.8333333333333333,0.9166666666666666,311,311.09094529911846,14.074635245950905,-0.006461645188611421
2,240.0,255.0,0.9166666666666666,1.0,302,300.97393520134597,13.671702074172511,0.07505026024465478
2,255.0,270.0,0.0,0.08333333333333333,343,336.88572791154957,14.301180148348108,0.4275361910713836
2,255.0,270.0,0.08333333333333333,0.16666666666666666,263,272.8655007282739,13.035898247687713,-0.7567948553160752
2,255.0,270.0,0.16666666666666666,0.25,318,299.3469523274107,13.798187984991142,1.3518476261433023
2,255.0,270.0,0.25,0.3333333333333333,241,259.809074430291,12.82865678058865,-1.4661764479311237
2,255.0,270.0,0.3333333333333333,0.41666666666666663,222,215.90097384848053,12.033383353361573,0.5068421716836338
2,255.0,270.0,0.41666666666666663,0.5,299,284.2403738428747,13.302768668970739,1.10951535912616
2,255.0,270.0,0.5,0.5833333333333333,272,265.83808535669516,13.002803896704364,0.4738912231743042
2,255.0,270.0,0.5833333333333333,0.6666666666666666,226,239.43238969182454,12.5438215672006,-1.0708371145000464
2,255.0,270.0,0.6666666666666666,0.75,239,248.1902310297075,12.563001847335903,-0.7315314557289794
2,255.0,270.0,0.75,0.8333333333333333,321,319.724813618883,14.208415619962677,0.08974866834028883
2,255.0,270.0,0.8333333333333333,0.9166666666666666,314,323.7851567164435,14.092182113172903,-0.6943677450276966
2,255.0,270.0,0.9166666666666666,1.0,206,209.58365739391425,11.795696198576252,-0.3038105876571152
2,270.0,285.0,0.0,0.08333333333333333,290,298.5137469594323,13.519964707425851,-0.6297166556031107
2,270.0,285.0,0.08333333333333333,0.16666666666666666,263,272.8313416027288,12.992822110290193,-0.7566748408679026
2,270.0,285.0,0.16666666666666666,0.25,295,273.9450808501383,13.21348388814128,1.5934419210029742
2,270.0,285.0,0.25,0.3333333333333333,253,266.3354195087543,13.029057496070553,-1.0235137509199055
2,270.0,285.0,0.3333333333333333,0.41666666666666663,294,272.32168724276823,13.089651947905848,1.6561412666667563
2,270.0,285.0,0.41666666666666663,0.5,260,271.5220554000915,13.148865834835231,-0.8762775090126927
2,270.0,285.0,0.5,0.5833333333333333,293,282.42694686519104,13.416086165229373,0.7880877481400845
2,270.0,285.0,0.5833333333333333,0.6666666666666666,326,295.39551610179217,13.588868907664688,2.252173017943063
2,270.0,285.0,0.6666666666666666,0.75,216,228.7684120282834,12.034547069988765,-1.0609798569091735
2,270.0,285.0,0.75,0.8333333333333333,185,202.21931070516504,11.580404967106732,-1.4869351075437516
2,270.0,285.0,0.8333333333333333,0.9166666666666666,240,225.6515128362391,11.933988538551464,1.202321178490297
2,270.0,285.0,0.9166666666666666,1.0,222,216.12638548989844,11.877085864338712,0.4945333036395111
2,285.0,300.0,0.0,0.08333333333333333,260,248.48264242877212,12.567454386262028,0.9164431568431191
2,285.0,300.0,0.08333333333333333,0.16666666666666666,258,264.37381248871156,13.013232617691635,-0.48979470942879294
2,285.0,300.0,0.16666666666666666,0.25,297,279.6141789941407,13.315912072770614,1.305642520831237
2,285.0,300.0,0.25,0.3333333333333333,227,228.09897189401485,12.131261211464942,-0.09059007755733114
2,285.0,300.0,0.3333333333333333,0.41666666666666663,190,211.29768060418567,11.753934738039968,-1.8119617880179906
2,285.0,300.0,0.41666666666666663,0.5,290,272.01107823771997,13.262935699116918,1.3563303155784567
2,285.0,300.0,0.5,0.5833333333333333,255,248.99546716538444,12.663257537478643,0.47416968476273375
2,285.0,300.0,0.5833333333333333,0.6666666666666666,303,301.6205694973953,13.650391208754346,0.10105428346405393
2,285.0,300.0,0.6666666666666666,0.75,301,297.9219073179406,13.572783754424172,0.2267841835361184
2,285.0,300.0,0.75,0.8333333333333333,271,298.210984573227,13.674126117982041,-1.9899615038246155
2,285.0,300.0,0.8333333333333333,0.9166666666666666,274,270.1830477421879,13.22436009161567,0.2886303935592364
2,285.0,300.0,0.9166666666666666,1.0,231,223.4465426629594,12.100294188733708,0.6242374953225066
2,300.0,315.0,0.0,0.08333333333333333,233,247.96410223670603,12.574139704609607,-1.190069665857162
2,300.0,315.0,0.08333333333333333,0.16666666666666666,243,239.93869383189175,12.401484641542117,0.2468499745468841
2,300.0,315.0,0.16666666666666666,0.25,183,202.29387832042423,11.54050357178334,-1.671840245134361
2,300.0,315.0,0.25,0.3333333333333333,203,186.7639011524945,11.227398116726663,1.4461141110972844
2,300.0,315.0,0.3333333333333333,0.41666666666666663,243,227.83562853857043,12.276581463080134,1.2352275352087225
2,300.0,315.0,0.41666666666666663,0.5,302,286.0154733490609,13.38640161387866,1.1940868884709652
2,300.0,315.0,0.5,0.5833333333333333,309,317.51653783792136,13.933318077097748,-0.6112354423258326
2,300.0,315.0,0.5833333333333333,0.6666666666666666,366,365.6457969353638,14.936920333131221,0.023713259275443255
2,300.0,315.0,0.6666666666666666,0.75,271,285.6333627394309,13.361856618136953,-1.0951593897189427
2,300.0,315.0,0.75,0.8333333333333333,296,297.71366129888315,13.673982641103349,-0.12532276395700312
2,300.0,315.0,0.8333333333333333,0.9166666666666666,290,272.8150606451585,13.254089022545532,1.296576424498847
2,300.0,315.0,0.9166666666666666,1.0,295,279.1553230971273,13.233413273486445,1.1973235155149295
2,315.0,330.0,0.0,0.08333333333333333,258,276.3886635891764,13.295509623844207,-1.3830732412240996
2,315.0,330.0,0.08333333333333333,0.16666666666666666,261,276.64926677922114,13.224443479082812,-1.1833591942053125
2,315.0,330.0,0.16666666666666666,0.25,265,262.93059917105955,12.895046874477224,0.1604802874378338
2,315.0,330.0,0.25,0.3333333333333333,315,318.24780838970264,14.017204916873657,-0.23170157024621849
2,315.0,330.0,0.3333333333333333,0.41666666666666663,302,282.09043947044233,13.376182466817227,1.4884336827004285
2,315.0,330.0,0.41666666666666663,0.5,310,298.6391205641764,13.683811996228465,0.8302422920568411
2,315.0,330.0,0.5,0.5833333333333333,253,254.7806268228346,12.589347137045674,-0.1414391710269774
2,315.0,330.0,0.5833333333333333,0.6666666666666666,228,239.34594433071712,12.504003729686692,-0.9073849125444405
2,315.0,330.0,0.6666666666666666,0.75,231,232.03389053975155,12.29304503562142,-0.08410369739602028
2,315.0,330.0,0.75,0.8333333333333333,200,206.69312996853265,11.590823051156304,-0.577450793527983
2,315.0,330.0,0.8333333333333333,0.9166666666666666,293,277.0213155310266,13.178250173068198,1.2125042596040825
2,315.0,330.0,0.9166666666666666,1.0,230,217.53214527365253,12.023621068370534,1.0369467446995264
2,330.0,345.0,0.0,0.08333333333333333,222,237.47077822882156,12.42062525268038,-1.2455716128689216
2,330.0,345.0,0.08333333333333333,0.16666666666666666,251,254.30632187699186,12.676924459496146,-0.26081419728861205
2,330.0,345.0,0.16666666666666666,0.25,293,302.43834014834397,13.919286824084041,-0.678076417824306
2,330.0,345.0,0.25,0.3333333333333333,289,278.99976418207467,13.348305176955066,0.749176444901039
2,330.0,345.0,0.3333333333333333,0.41666666666666663,336,319.3295819918217,14.14877611279342,1.1782233230127068
2,330.0,345.0,0.41666666666666663,0.5,192,201.41190462933253,11.711722795624686,-0.803631096259268
2,330.0,345.0,0.5,0.5833333333333333,243,258.96329576488085,12.666733825018403,-1.2602535101315009
2,330.0,345.0,0.5833333333333333,0.6666666666666666,246,247.13371292266748,12.571766223890581,-0.09017928765753289
2,330.0,345.0,0.6666666666666666,0.75,245,247.77972007338536,12.65211802354923,-0.21970393164302646
2,330.0,345.0,0.75,0.8333333333333333,300,282.3557542974695,13.22356971599546,1.3343027700899637
2,330.0,345.0,0.8333333333333333,0.9166666666666666,266,258.11430611490107,12.661712050618307,0.622798390420974
2,330.0,345.0,0.9166666666666666,1.0,235,271.11068504020375,12.958844060835313,-2.7865668319398
2,345.0,360.0,0.0,0.08333333333333333,278,249.42748803583817,12.569267181317741,2.2732042808852393
2,345.0,360.0,0.08333333333333333,0.16666666666666666,254,255.86440986933388,12.568789604732853,-0.14833646898121586
2,345.0,360.0,0.16666666666666666,0.25,253,258.1401824277203,12.786646310928393,-0.40199613743340223
2,345.0,360.0,0.25,0.3333333333333333,280,278.62463831246225,13.236612808037238,0.1039058637949001
2,345.0,360.0,0.3333333333333333,0.41666666666666663,276,265.8844869867249,13.04950355709678,0.7751645853051587
2,345.0,360.0,0.41666666666666663,0.5,199,191.187918633595,11.247518076942425,0.6945604632918875
2,345.0,360.0,0.5,0.5833333333333333,237,225.7798690472027,12.10327052091073,0.9270329811609478
2,345.0,360.0,0.5833333333333333,0.6666666666666666,271,258.44786695826247,12.98059702891585,0.9669919660687516
2,345.0,360.0,0.6666666666666666,0.75,274,282.8438845255555,13.440292738632827,-0.6580127901630148
2,345.0,360.0,0.75,0.8333333333333333,319,319.8190158832218,14.118892129706717,-0.0580085091448911
2,345.0,360.0,0.8333333333333333,0.9166666666666666,215,220.33849458895398,12.021057609943888,-0.4440952503661528
2,345.0,360.0,0.9166666666666666,1.0,293,290.9163583648966,13.37525639272713,0.1557833041792292
